# Blender 4.3.2
# www.blender.org
mtllib pendulum.mtl
o Chassis_Base_Plate
v -0.030000 -0.022500 0.097000
v -0.030000 -0.022500 0.102000
v -0.030000 0.022500 0.097000
v -0.030000 0.022500 0.102000
v 0.030000 -0.022500 0.097000
v 0.030000 -0.022500 0.102000
v 0.030000 0.022500 0.097000
v 0.030000 0.022500 0.102000
vn -1.0000 -0.0000 -0.0000
vn -0.0000 1.0000 -0.0000
vn 1.0000 -0.0000 -0.0000
vn -0.0000 -1.0000 -0.0000
vn -0.0000 -0.0000 -1.0000
vn -0.0000 -0.0000 1.0000
vt 0.375000 0.000000
vt 0.625000 0.000000
vt 0.625000 0.250000
vt 0.375000 0.250000
vt 0.625000 0.500000
vt 0.375000 0.500000
vt 0.625000 0.750000
vt 0.375000 0.750000
vt 0.625000 1.000000
vt 0.375000 1.000000
vt 0.125000 0.500000
vt 0.125000 0.750000
vt 0.875000 0.500000
vt 0.875000 0.750000
s 0
usemtl Chassis_Plate
f 1/1/1 2/2/1 4/3/1 3/4/1
f 3/4/2 4/3/2 8/5/2 7/6/2
f 7/6/3 8/5/3 6/7/3 5/8/3
f 5/8/4 6/7/4 2/9/4 1/10/4
f 3/11/5 7/6/5 5/8/5 1/12/5
f 8/5/6 4/13/6 2/14/6 6/7/6
o Battery_2S_LiPo
v -0.023000 -0.015000 0.102000
v -0.023000 -0.015000 0.109000
v -0.023000 0.015000 0.102000
v -0.023000 0.015000 0.109000
v 0.023000 -0.015000 0.102000
v 0.023000 -0.015000 0.109000
v 0.023000 0.015000 0.102000
v 0.023000 0.015000 0.109000
vn -1.0000 -0.0000 -0.0000
vn -0.0000 1.0000 -0.0000
vn 1.0000 -0.0000 -0.0000
vn -0.0000 -1.0000 -0.0000
vn -0.0000 -0.0000 -1.0000
vn -0.0000 -0.0000 1.0000
vt 0.375000 0.000000
vt 0.625000 0.000000
vt 0.625000 0.250000
vt 0.375000 0.250000
vt 0.625000 0.500000
vt 0.375000 0.500000
vt 0.625000 0.750000
vt 0.375000 0.750000
vt 0.625000 1.000000
vt 0.375000 1.000000
vt 0.125000 0.500000
vt 0.125000 0.750000
vt 0.875000 0.500000
vt 0.875000 0.750000
s 0
usemtl Battery_Foil
f 9/15/7 10/16/7 12/17/7 11/18/7
f 11/18/8 12/17/8 16/19/8 15/20/8
f 15/20/9 16/19/9 14/21/9 13/22/9
f 13/22/10 14/21/10 10/23/10 9/24/10
f 11/25/11 15/20/11 13/22/11 9/26/11
f 16/19/12 12/27/12 10/28/12 14/21/12
o PCB_ESP32_Controller
v -0.020000 -0.015000 0.117000
v -0.020000 -0.015000 0.118600
v -0.020000 0.015000 0.117000
v -0.020000 0.015000 0.118600
v 0.020000 -0.015000 0.117000
v 0.020000 -0.015000 0.118600
v 0.020000 0.015000 0.117000
v 0.020000 0.015000 0.118600
vn -1.0000 -0.0000 -0.0000
vn -0.0000 1.0000 -0.0000
vn 1.0000 -0.0000 -0.0000
vn -0.0000 -1.0000 -0.0000
vn -0.0000 -0.0000 -1.0000
vn -0.0000 -0.0000 1.0000
vt 0.375000 0.000000
vt 0.625000 0.000000
vt 0.625000 0.250000
vt 0.375000 0.250000
vt 0.625000 0.500000
vt 0.375000 0.500000
vt 0.625000 0.750000
vt 0.375000 0.750000
vt 0.625000 1.000000
vt 0.375000 1.000000
vt 0.125000 0.500000
vt 0.125000 0.750000
vt 0.875000 0.500000
vt 0.875000 0.750000
s 0
usemtl PCB_Green
f 17/29/13 18/30/13 20/31/13 19/32/13
f 19/32/14 20/31/14 24/33/14 23/34/14
f 23/34/15 24/33/15 22/35/15 21/36/15
f 21/36/16 22/35/16 18/37/16 17/38/16
f 19/39/17 23/34/17 21/36/17 17/40/17
f 24/33/18 20/41/18 18/42/18 22/35/18
o PCB_Servo_Driver
v -0.020000 -0.015000 0.126600
v -0.020000 -0.015000 0.128200
v -0.020000 0.015000 0.126600
v -0.020000 0.015000 0.128200
v 0.020000 -0.015000 0.126600
v 0.020000 -0.015000 0.128200
v 0.020000 0.015000 0.126600
v 0.020000 0.015000 0.128200
vn -1.0000 -0.0000 -0.0000
vn -0.0000 1.0000 -0.0000
vn 1.0000 -0.0000 -0.0000
vn -0.0000 -1.0000 -0.0000
vn -0.0000 -0.0000 -1.0000
vn -0.0000 -0.0000 1.0000
vt 0.375000 0.000000
vt 0.625000 0.000000
vt 0.625000 0.250000
vt 0.375000 0.250000
vt 0.625000 0.500000
vt 0.375000 0.500000
vt 0.625000 0.750000
vt 0.375000 0.750000
vt 0.625000 1.000000
vt 0.375000 1.000000
vt 0.125000 0.500000
vt 0.125000 0.750000
vt 0.875000 0.500000
vt 0.875000 0.750000
s 0
usemtl PCB_Green
f 25/43/19 26/44/19 28/45/19 27/46/19
f 27/46/20 28/45/20 32/47/20 31/48/20
f 31/48/21 32/47/21 30/49/21 29/50/21
f 29/50/22 30/49/22 26/51/22 25/52/22
f 27/53/23 31/48/23 29/50/23 25/54/23
f 32/47/24 28/55/24 26/56/24 30/49/24
o IMU_Sensor
v -0.004000 -0.004000 0.128200
v -0.004000 -0.004000 0.136200
v -0.004000 0.004000 0.128200
v -0.004000 0.004000 0.136200
v 0.004000 -0.004000 0.128200
v 0.004000 -0.004000 0.136200
v 0.004000 0.004000 0.128200
v 0.004000 0.004000 0.136200
vn -1.0000 -0.0000 -0.0000
vn -0.0000 1.0000 -0.0000
vn 1.0000 -0.0000 -0.0000
vn -0.0000 -1.0000 -0.0000
vn -0.0000 -0.0000 -1.0000
vn -0.0000 -0.0000 1.0000
vt 0.375000 0.000000
vt 0.625000 0.000000
vt 0.625000 0.250000
vt 0.375000 0.250000
vt 0.625000 0.500000
vt 0.375000 0.500000
vt 0.625000 0.750000
vt 0.375000 0.750000
vt 0.625000 1.000000
vt 0.375000 1.000000
vt 0.125000 0.500000
vt 0.125000 0.750000
vt 0.875000 0.500000
vt 0.875000 0.750000
s 0
usemtl IMU_White
f 33/57/25 34/58/25 36/59/25 35/60/25
f 35/60/26 36/59/26 40/61/26 39/62/26
f 39/62/27 40/61/27 38/63/27 37/64/27
f 37/64/28 38/63/28 34/65/28 33/66/28
f 35/67/29 39/62/29 37/64/29 33/68/29
f 40/61/30 36/69/30 34/70/30 38/63/30
o Standoff_Battery_PCB1_0
v -0.016000 -0.009750 0.109000
v -0.016000 -0.009750 0.117000
v -0.015756 -0.009774 0.109000
v -0.015756 -0.009774 0.117000
v -0.015522 -0.009845 0.109000
v -0.015522 -0.009845 0.117000
v -0.015306 -0.009961 0.109000
v -0.015306 -0.009961 0.117000
v -0.015116 -0.010116 0.109000
v -0.015116 -0.010116 0.117000
v -0.014961 -0.010306 0.109000
v -0.014961 -0.010306 0.117000
v -0.014845 -0.010522 0.109000
v -0.014845 -0.010522 0.117000
v -0.014774 -0.010756 0.109000
v -0.014774 -0.010756 0.117000
v -0.014750 -0.011000 0.109000
v -0.014750 -0.011000 0.117000
v -0.014774 -0.011244 0.109000
v -0.014774 -0.011244 0.117000
v -0.014845 -0.011478 0.109000
v -0.014845 -0.011478 0.117000
v -0.014961 -0.011694 0.109000
v -0.014961 -0.011694 0.117000
v -0.015116 -0.011884 0.109000
v -0.015116 -0.011884 0.117000
v -0.015306 -0.012039 0.109000
v -0.015306 -0.012039 0.117000
v -0.015522 -0.012155 0.109000
v -0.015522 -0.012155 0.117000
v -0.015756 -0.012226 0.109000
v -0.015756 -0.012226 0.117000
v -0.016000 -0.012250 0.109000
v -0.016000 -0.012250 0.117000
v -0.016244 -0.012226 0.109000
v -0.016244 -0.012226 0.117000
v -0.016478 -0.012155 0.109000
v -0.016478 -0.012155 0.117000
v -0.016694 -0.012039 0.109000
v -0.016694 -0.012039 0.117000
v -0.016884 -0.011884 0.109000
v -0.016884 -0.011884 0.117000
v -0.017039 -0.011694 0.109000
v -0.017039 -0.011694 0.117000
v -0.017155 -0.011478 0.109000
v -0.017155 -0.011478 0.117000
v -0.017226 -0.011244 0.109000
v -0.017226 -0.011244 0.117000
v -0.017250 -0.011000 0.109000
v -0.017250 -0.011000 0.117000
v -0.017226 -0.010756 0.109000
v -0.017226 -0.010756 0.117000
v -0.017155 -0.010522 0.109000
v -0.017155 -0.010522 0.117000
v -0.017039 -0.010306 0.109000
v -0.017039 -0.010306 0.117000
v -0.016884 -0.010116 0.109000
v -0.016884 -0.010116 0.117000
v -0.016694 -0.009961 0.109000
v -0.016694 -0.009961 0.117000
v -0.016478 -0.009845 0.109000
v -0.016478 -0.009845 0.117000
v -0.016244 -0.009774 0.109000
v -0.016244 -0.009774 0.117000
vn 0.0980 0.9952 -0.0000
vn 0.2903 0.9569 -0.0000
vn 0.4714 0.8819 -0.0000
vn 0.6344 0.7730 -0.0000
vn 0.7730 0.6344 -0.0000
vn 0.8819 0.4714 -0.0000
vn 0.9569 0.2903 -0.0000
vn 0.9952 0.0980 -0.0000
vn 0.9952 -0.0980 -0.0000
vn 0.9569 -0.2903 -0.0000
vn 0.8819 -0.4714 -0.0000
vn 0.7730 -0.6344 -0.0000
vn 0.6344 -0.7730 -0.0000
vn 0.4714 -0.8819 -0.0000
vn 0.2903 -0.9569 -0.0000
vn 0.0980 -0.9952 -0.0000
vn -0.0980 -0.9952 -0.0000
vn -0.2903 -0.9569 -0.0000
vn -0.4714 -0.8819 -0.0000
vn -0.6344 -0.7730 -0.0000
vn -0.7730 -0.6344 -0.0000
vn -0.8819 -0.4714 -0.0000
vn -0.9569 -0.2903 -0.0000
vn -0.9952 -0.0980 -0.0000
vn -0.9952 0.0980 -0.0000
vn -0.9569 0.2903 -0.0000
vn -0.8819 0.4714 -0.0000
vn -0.7730 0.6344 -0.0000
vn -0.6344 0.7730 -0.0000
vn -0.4714 0.8819 -0.0000
vn -0.0000 -0.0000 1.0000
vn -0.2903 0.9569 -0.0000
vn -0.0980 0.9952 -0.0000
vn -0.0000 -0.0000 -1.0000
vt 1.000000 0.500000
vt 1.000000 1.000000
vt 0.968750 1.000000
vt 0.968750 0.500000
vt 0.937500 1.000000
vt 0.937500 0.500000
vt 0.906250 1.000000
vt 0.906250 0.500000
vt 0.875000 1.000000
vt 0.875000 0.500000
vt 0.843750 1.000000
vt 0.843750 0.500000
vt 0.812500 1.000000
vt 0.812500 0.500000
vt 0.781250 1.000000
vt 0.781250 0.500000
vt 0.750000 1.000000
vt 0.750000 0.500000
vt 0.718750 1.000000
vt 0.718750 0.500000
vt 0.687500 1.000000
vt 0.687500 0.500000
vt 0.656250 1.000000
vt 0.656250 0.500000
vt 0.625000 1.000000
vt 0.625000 0.500000
vt 0.593750 1.000000
vt 0.593750 0.500000
vt 0.562500 1.000000
vt 0.562500 0.500000
vt 0.531250 1.000000
vt 0.531250 0.500000
vt 0.500000 1.000000
vt 0.500000 0.500000
vt 0.468750 1.000000
vt 0.468750 0.500000
vt 0.437500 1.000000
vt 0.437500 0.500000
vt 0.406250 1.000000
vt 0.406250 0.500000
vt 0.375000 1.000000
vt 0.375000 0.500000
vt 0.343750 1.000000
vt 0.343750 0.500000
vt 0.312500 1.000000
vt 0.312500 0.500000
vt 0.281250 1.000000
vt 0.281250 0.500000
vt 0.250000 1.000000
vt 0.250000 0.500000
vt 0.218750 1.000000
vt 0.218750 0.500000
vt 0.187500 1.000000
vt 0.187500 0.500000
vt 0.156250 1.000000
vt 0.156250 0.500000
vt 0.125000 1.000000
vt 0.125000 0.500000
vt 0.093750 1.000000
vt 0.093750 0.500000
vt 0.062500 1.000000
vt 0.062500 0.500000
vt 0.296822 0.485388
vt 0.250000 0.490000
vt 0.203178 0.485388
vt 0.158156 0.471731
vt 0.116663 0.449553
vt 0.080294 0.419706
vt 0.050447 0.383337
vt 0.028269 0.341844
vt 0.014612 0.296822
vt 0.010000 0.250000
vt 0.014612 0.203178
vt 0.028269 0.158156
vt 0.050447 0.116663
vt 0.080294 0.080294
vt 0.116663 0.050447
vt 0.158156 0.028269
vt 0.203178 0.014612
vt 0.250000 0.010000
vt 0.296822 0.014612
vt 0.341844 0.028269
vt 0.383337 0.050447
vt 0.419706 0.080294
vt 0.449553 0.116663
vt 0.471731 0.158156
vt 0.485388 0.203178
vt 0.490000 0.250000
vt 0.485388 0.296822
vt 0.471731 0.341844
vt 0.449553 0.383337
vt 0.419706 0.419706
vt 0.383337 0.449553
vt 0.341844 0.471731
vt 0.031250 1.000000
vt 0.031250 0.500000
vt 0.000000 1.000000
vt 0.000000 0.500000
vt 0.750000 0.490000
vt 0.796822 0.485388
vt 0.841844 0.471731
vt 0.883337 0.449553
vt 0.919706 0.419706
vt 0.949553 0.383337
vt 0.971731 0.341844
vt 0.985388 0.296822
vt 0.990000 0.250000
vt 0.985388 0.203178
vt 0.971731 0.158156
vt 0.949553 0.116663
vt 0.919706 0.080294
vt 0.883337 0.050447
vt 0.841844 0.028269
vt 0.796822 0.014612
vt 0.750000 0.010000
vt 0.703178 0.014612
vt 0.658156 0.028269
vt 0.616663 0.050447
vt 0.580294 0.080294
vt 0.550447 0.116663
vt 0.528269 0.158156
vt 0.514612 0.203178
vt 0.510000 0.250000
vt 0.514612 0.296822
vt 0.528269 0.341844
vt 0.550447 0.383337
vt 0.580294 0.419706
vt 0.616663 0.449553
vt 0.658156 0.471731
vt 0.703178 0.485388
s 0
usemtl Standoff_Steel
f 41/71/31 42/72/31 44/73/31 43/74/31
f 43/74/32 44/73/32 46/75/32 45/76/32
f 45/76/33 46/75/33 48/77/33 47/78/33
f 47/78/34 48/77/34 50/79/34 49/80/34
f 49/80/35 50/79/35 52/81/35 51/82/35
f 51/82/36 52/81/36 54/83/36 53/84/36
f 53/84/37 54/83/37 56/85/37 55/86/37
f 55/86/38 56/85/38 58/87/38 57/88/38
f 57/88/39 58/87/39 60/89/39 59/90/39
f 59/90/40 60/89/40 62/91/40 61/92/40
f 61/92/41 62/91/41 64/93/41 63/94/41
f 63/94/42 64/93/42 66/95/42 65/96/42
f 65/96/43 66/95/43 68/97/43 67/98/43
f 67/98/44 68/97/44 70/99/44 69/100/44
f 69/100/45 70/99/45 72/101/45 71/102/45
f 71/102/46 72/101/46 74/103/46 73/104/46
f 73/104/47 74/103/47 76/105/47 75/106/47
f 75/106/48 76/105/48 78/107/48 77/108/48
f 77/108/49 78/107/49 80/109/49 79/110/49
f 79/110/50 80/109/50 82/111/50 81/112/50
f 81/112/51 82/111/51 84/113/51 83/114/51
f 83/114/52 84/113/52 86/115/52 85/116/52
f 85/116/53 86/115/53 88/117/53 87/118/53
f 87/118/54 88/117/54 90/119/54 89/120/54
f 89/120/55 90/119/55 92/121/55 91/122/55
f 91/122/56 92/121/56 94/123/56 93/124/56
f 93/124/57 94/123/57 96/125/57 95/126/57
f 95/126/58 96/125/58 98/127/58 97/128/58
f 97/128/59 98/127/59 100/129/59 99/130/59
f 99/130/60 100/129/60 102/131/60 101/132/60
f 44/133/61 42/134/61 104/135/61 102/136/61 100/137/61 98/138/61 96/139/61 94/140/61 92/141/61 90/142/61 88/143/61 86/144/61 84/145/61 82/146/61 80/147/61 78/148/61 76/149/61 74/150/61 72/151/61 70/152/61 68/153/61 66/154/61 64/155/61 62/156/61 60/157/61 58/158/61 56/159/61 54/160/61 52/161/61 50/162/61 48/163/61 46/164/61
f 101/132/62 102/131/62 104/165/62 103/166/62
f 103/166/63 104/165/63 42/167/63 41/168/63
f 41/169/64 43/170/64 45/171/64 47/172/64 49/173/64 51/174/64 53/175/64 55/176/64 57/177/64 59/178/64 61/179/64 63/180/64 65/181/64 67/182/64 69/183/64 71/184/64 73/185/64 75/186/64 77/187/64 79/188/64 81/189/64 83/190/64 85/191/64 87/192/64 89/193/64 91/194/64 93/195/64 95/196/64 97/197/64 99/198/64 101/199/64 103/200/64
o Standoff_PCB1_PCB2_0
v -0.016000 -0.009750 0.118600
v -0.016000 -0.009750 0.126600
v -0.015756 -0.009774 0.118600
v -0.015756 -0.009774 0.126600
v -0.015522 -0.009845 0.118600
v -0.015522 -0.009845 0.126600
v -0.015306 -0.009961 0.118600
v -0.015306 -0.009961 0.126600
v -0.015116 -0.010116 0.118600
v -0.015116 -0.010116 0.126600
v -0.014961 -0.010306 0.118600
v -0.014961 -0.010306 0.126600
v -0.014845 -0.010522 0.118600
v -0.014845 -0.010522 0.126600
v -0.014774 -0.010756 0.118600
v -0.014774 -0.010756 0.126600
v -0.014750 -0.011000 0.118600
v -0.014750 -0.011000 0.126600
v -0.014774 -0.011244 0.118600
v -0.014774 -0.011244 0.126600
v -0.014845 -0.011478 0.118600
v -0.014845 -0.011478 0.126600
v -0.014961 -0.011694 0.118600
v -0.014961 -0.011694 0.126600
v -0.015116 -0.011884 0.118600
v -0.015116 -0.011884 0.126600
v -0.015306 -0.012039 0.118600
v -0.015306 -0.012039 0.126600
v -0.015522 -0.012155 0.118600
v -0.015522 -0.012155 0.126600
v -0.015756 -0.012226 0.118600
v -0.015756 -0.012226 0.126600
v -0.016000 -0.012250 0.118600
v -0.016000 -0.012250 0.126600
v -0.016244 -0.012226 0.118600
v -0.016244 -0.012226 0.126600
v -0.016478 -0.012155 0.118600
v -0.016478 -0.012155 0.126600
v -0.016694 -0.012039 0.118600
v -0.016694 -0.012039 0.126600
v -0.016884 -0.011884 0.118600
v -0.016884 -0.011884 0.126600
v -0.017039 -0.011694 0.118600
v -0.017039 -0.011694 0.126600
v -0.017155 -0.011478 0.118600
v -0.017155 -0.011478 0.126600
v -0.017226 -0.011244 0.118600
v -0.017226 -0.011244 0.126600
v -0.017250 -0.011000 0.118600
v -0.017250 -0.011000 0.126600
v -0.017226 -0.010756 0.118600
v -0.017226 -0.010756 0.126600
v -0.017155 -0.010522 0.118600
v -0.017155 -0.010522 0.126600
v -0.017039 -0.010306 0.118600
v -0.017039 -0.010306 0.126600
v -0.016884 -0.010116 0.118600
v -0.016884 -0.010116 0.126600
v -0.016694 -0.009961 0.118600
v -0.016694 -0.009961 0.126600
v -0.016478 -0.009845 0.118600
v -0.016478 -0.009845 0.126600
v -0.016244 -0.009774 0.118600
v -0.016244 -0.009774 0.126600
vn 0.0980 0.9952 -0.0000
vn 0.2903 0.9569 -0.0000
vn 0.4714 0.8819 -0.0000
vn 0.6344 0.7730 -0.0000
vn 0.7730 0.6344 -0.0000
vn 0.8819 0.4714 -0.0000
vn 0.9569 0.2903 -0.0000
vn 0.9952 0.0980 -0.0000
vn 0.9952 -0.0980 -0.0000
vn 0.9569 -0.2903 -0.0000
vn 0.8819 -0.4714 -0.0000
vn 0.7730 -0.6344 -0.0000
vn 0.6344 -0.7730 -0.0000
vn 0.4714 -0.8819 -0.0000
vn 0.2903 -0.9569 -0.0000
vn 0.0980 -0.9952 -0.0000
vn -0.0980 -0.9952 -0.0000
vn -0.2903 -0.9569 -0.0000
vn -0.4714 -0.8819 -0.0000
vn -0.6344 -0.7730 -0.0000
vn -0.7730 -0.6344 -0.0000
vn -0.8819 -0.4714 -0.0000
vn -0.9569 -0.2903 -0.0000
vn -0.9952 -0.0980 -0.0000
vn -0.9952 0.0980 -0.0000
vn -0.9569 0.2903 -0.0000
vn -0.8819 0.4714 -0.0000
vn -0.7730 0.6344 -0.0000
vn -0.6344 0.7730 -0.0000
vn -0.4714 0.8819 -0.0000
vn -0.0000 -0.0000 1.0000
vn -0.2903 0.9569 -0.0000
vn -0.0980 0.9952 -0.0000
vn -0.0000 -0.0000 -1.0000
vt 1.000000 0.500000
vt 1.000000 1.000000
vt 0.968750 1.000000
vt 0.968750 0.500000
vt 0.937500 1.000000
vt 0.937500 0.500000
vt 0.906250 1.000000
vt 0.906250 0.500000
vt 0.875000 1.000000
vt 0.875000 0.500000
vt 0.843750 1.000000
vt 0.843750 0.500000
vt 0.812500 1.000000
vt 0.812500 0.500000
vt 0.781250 1.000000
vt 0.781250 0.500000
vt 0.750000 1.000000
vt 0.750000 0.500000
vt 0.718750 1.000000
vt 0.718750 0.500000
vt 0.687500 1.000000
vt 0.687500 0.500000
vt 0.656250 1.000000
vt 0.656250 0.500000
vt 0.625000 1.000000
vt 0.625000 0.500000
vt 0.593750 1.000000
vt 0.593750 0.500000
vt 0.562500 1.000000
vt 0.562500 0.500000
vt 0.531250 1.000000
vt 0.531250 0.500000
vt 0.500000 1.000000
vt 0.500000 0.500000
vt 0.468750 1.000000
vt 0.468750 0.500000
vt 0.437500 1.000000
vt 0.437500 0.500000
vt 0.406250 1.000000
vt 0.406250 0.500000
vt 0.375000 1.000000
vt 0.375000 0.500000
vt 0.343750 1.000000
vt 0.343750 0.500000
vt 0.312500 1.000000
vt 0.312500 0.500000
vt 0.281250 1.000000
vt 0.281250 0.500000
vt 0.250000 1.000000
vt 0.250000 0.500000
vt 0.218750 1.000000
vt 0.218750 0.500000
vt 0.187500 1.000000
vt 0.187500 0.500000
vt 0.156250 1.000000
vt 0.156250 0.500000
vt 0.125000 1.000000
vt 0.125000 0.500000
vt 0.093750 1.000000
vt 0.093750 0.500000
vt 0.062500 1.000000
vt 0.062500 0.500000
vt 0.296822 0.485388
vt 0.250000 0.490000
vt 0.203178 0.485388
vt 0.158156 0.471731
vt 0.116663 0.449553
vt 0.080294 0.419706
vt 0.050447 0.383337
vt 0.028269 0.341844
vt 0.014612 0.296822
vt 0.010000 0.250000
vt 0.014612 0.203178
vt 0.028269 0.158156
vt 0.050447 0.116663
vt 0.080294 0.080294
vt 0.116663 0.050447
vt 0.158156 0.028269
vt 0.203178 0.014612
vt 0.250000 0.010000
vt 0.296822 0.014612
vt 0.341844 0.028269
vt 0.383337 0.050447
vt 0.419706 0.080294
vt 0.449553 0.116663
vt 0.471731 0.158156
vt 0.485388 0.203178
vt 0.490000 0.250000
vt 0.485388 0.296822
vt 0.471731 0.341844
vt 0.449553 0.383337
vt 0.419706 0.419706
vt 0.383337 0.449553
vt 0.341844 0.471731
vt 0.031250 1.000000
vt 0.031250 0.500000
vt 0.000000 1.000000
vt 0.000000 0.500000
vt 0.750000 0.490000
vt 0.796822 0.485388
vt 0.841844 0.471731
vt 0.883337 0.449553
vt 0.919706 0.419706
vt 0.949553 0.383337
vt 0.971731 0.341844
vt 0.985388 0.296822
vt 0.990000 0.250000
vt 0.985388 0.203178
vt 0.971731 0.158156
vt 0.949553 0.116663
vt 0.919706 0.080294
vt 0.883337 0.050447
vt 0.841844 0.028269
vt 0.796822 0.014612
vt 0.750000 0.010000
vt 0.703178 0.014612
vt 0.658156 0.028269
vt 0.616663 0.050447
vt 0.580294 0.080294
vt 0.550447 0.116663
vt 0.528269 0.158156
vt 0.514612 0.203178
vt 0.510000 0.250000
vt 0.514612 0.296822
vt 0.528269 0.341844
vt 0.550447 0.383337
vt 0.580294 0.419706
vt 0.616663 0.449553
vt 0.658156 0.471731
vt 0.703178 0.485388
s 0
usemtl Standoff_Steel
f 105/201/65 106/202/65 108/203/65 107/204/65
f 107/204/66 108/203/66 110/205/66 109/206/66
f 109/206/67 110/205/67 112/207/67 111/208/67
f 111/208/68 112/207/68 114/209/68 113/210/68
f 113/210/69 114/209/69 116/211/69 115/212/69
f 115/212/70 116/211/70 118/213/70 117/214/70
f 117/214/71 118/213/71 120/215/71 119/216/71
f 119/216/72 120/215/72 122/217/72 121/218/72
f 121/218/73 122/217/73 124/219/73 123/220/73
f 123/220/74 124/219/74 126/221/74 125/222/74
f 125/222/75 126/221/75 128/223/75 127/224/75
f 127/224/76 128/223/76 130/225/76 129/226/76
f 129/226/77 130/225/77 132/227/77 131/228/77
f 131/228/78 132/227/78 134/229/78 133/230/78
f 133/230/79 134/229/79 136/231/79 135/232/79
f 135/232/80 136/231/80 138/233/80 137/234/80
f 137/234/81 138/233/81 140/235/81 139/236/81
f 139/236/82 140/235/82 142/237/82 141/238/82
f 141/238/83 142/237/83 144/239/83 143/240/83
f 143/240/84 144/239/84 146/241/84 145/242/84
f 145/242/85 146/241/85 148/243/85 147/244/85
f 147/244/86 148/243/86 150/245/86 149/246/86
f 149/246/87 150/245/87 152/247/87 151/248/87
f 151/248/88 152/247/88 154/249/88 153/250/88
f 153/250/89 154/249/89 156/251/89 155/252/89
f 155/252/90 156/251/90 158/253/90 157/254/90
f 157/254/91 158/253/91 160/255/91 159/256/91
f 159/256/92 160/255/92 162/257/92 161/258/92
f 161/258/93 162/257/93 164/259/93 163/260/93
f 163/260/94 164/259/94 166/261/94 165/262/94
f 108/263/95 106/264/95 168/265/95 166/266/95 164/267/95 162/268/95 160/269/95 158/270/95 156/271/95 154/272/95 152/273/95 150/274/95 148/275/95 146/276/95 144/277/95 142/278/95 140/279/95 138/280/95 136/281/95 134/282/95 132/283/95 130/284/95 128/285/95 126/286/95 124/287/95 122/288/95 120/289/95 118/290/95 116/291/95 114/292/95 112/293/95 110/294/95
f 165/262/96 166/261/96 168/295/96 167/296/96
f 167/296/97 168/295/97 106/297/97 105/298/97
f 105/299/98 107/300/98 109/301/98 111/302/98 113/303/98 115/304/98 117/305/98 119/306/98 121/307/98 123/308/98 125/309/98 127/310/98 129/311/98 131/312/98 133/313/98 135/314/98 137/315/98 139/316/98 141/317/98 143/318/98 145/319/98 147/320/98 149/321/98 151/322/98 153/323/98 155/324/98 157/325/98 159/326/98 161/327/98 163/328/98 165/329/98 167/330/98
o Standoff_Battery_PCB1_1
v -0.016000 0.012250 0.109000
v -0.016000 0.012250 0.117000
v -0.015756 0.012226 0.109000
v -0.015756 0.012226 0.117000
v -0.015522 0.012155 0.109000
v -0.015522 0.012155 0.117000
v -0.015306 0.012039 0.109000
v -0.015306 0.012039 0.117000
v -0.015116 0.011884 0.109000
v -0.015116 0.011884 0.117000
v -0.014961 0.011694 0.109000
v -0.014961 0.011694 0.117000
v -0.014845 0.011478 0.109000
v -0.014845 0.011478 0.117000
v -0.014774 0.011244 0.109000
v -0.014774 0.011244 0.117000
v -0.014750 0.011000 0.109000
v -0.014750 0.011000 0.117000
v -0.014774 0.010756 0.109000
v -0.014774 0.010756 0.117000
v -0.014845 0.010522 0.109000
v -0.014845 0.010522 0.117000
v -0.014961 0.010306 0.109000
v -0.014961 0.010306 0.117000
v -0.015116 0.010116 0.109000
v -0.015116 0.010116 0.117000
v -0.015306 0.009961 0.109000
v -0.015306 0.009961 0.117000
v -0.015522 0.009845 0.109000
v -0.015522 0.009845 0.117000
v -0.015756 0.009774 0.109000
v -0.015756 0.009774 0.117000
v -0.016000 0.009750 0.109000
v -0.016000 0.009750 0.117000
v -0.016244 0.009774 0.109000
v -0.016244 0.009774 0.117000
v -0.016478 0.009845 0.109000
v -0.016478 0.009845 0.117000
v -0.016694 0.009961 0.109000
v -0.016694 0.009961 0.117000
v -0.016884 0.010116 0.109000
v -0.016884 0.010116 0.117000
v -0.017039 0.010306 0.109000
v -0.017039 0.010306 0.117000
v -0.017155 0.010522 0.109000
v -0.017155 0.010522 0.117000
v -0.017226 0.010756 0.109000
v -0.017226 0.010756 0.117000
v -0.017250 0.011000 0.109000
v -0.017250 0.011000 0.117000
v -0.017226 0.011244 0.109000
v -0.017226 0.011244 0.117000
v -0.017155 0.011478 0.109000
v -0.017155 0.011478 0.117000
v -0.017039 0.011694 0.109000
v -0.017039 0.011694 0.117000
v -0.016884 0.011884 0.109000
v -0.016884 0.011884 0.117000
v -0.016694 0.012039 0.109000
v -0.016694 0.012039 0.117000
v -0.016478 0.012155 0.109000
v -0.016478 0.012155 0.117000
v -0.016244 0.012226 0.109000
v -0.016244 0.012226 0.117000
vn 0.0980 0.9952 -0.0000
vn 0.2903 0.9569 -0.0000
vn 0.4714 0.8819 -0.0000
vn 0.6344 0.7730 -0.0000
vn 0.7730 0.6344 -0.0000
vn 0.8819 0.4714 -0.0000
vn 0.9569 0.2903 -0.0000
vn 0.9952 0.0980 -0.0000
vn 0.9952 -0.0980 -0.0000
vn 0.9569 -0.2903 -0.0000
vn 0.8819 -0.4714 -0.0000
vn 0.7730 -0.6344 -0.0000
vn 0.6344 -0.7730 -0.0000
vn 0.4714 -0.8819 -0.0000
vn 0.2903 -0.9569 -0.0000
vn 0.0980 -0.9952 -0.0000
vn -0.0980 -0.9952 -0.0000
vn -0.2903 -0.9569 -0.0000
vn -0.4714 -0.8819 -0.0000
vn -0.6344 -0.7730 -0.0000
vn -0.7730 -0.6344 -0.0000
vn -0.8819 -0.4714 -0.0000
vn -0.9569 -0.2903 -0.0000
vn -0.9952 -0.0980 -0.0000
vn -0.9952 0.0980 -0.0000
vn -0.9569 0.2903 -0.0000
vn -0.8819 0.4714 -0.0000
vn -0.7730 0.6344 -0.0000
vn -0.6344 0.7730 -0.0000
vn -0.4714 0.8819 -0.0000
vn -0.0000 -0.0000 1.0000
vn -0.2903 0.9569 -0.0000
vn -0.0980 0.9952 -0.0000
vn -0.0000 -0.0000 -1.0000
vt 1.000000 0.500000
vt 1.000000 1.000000
vt 0.968750 1.000000
vt 0.968750 0.500000
vt 0.937500 1.000000
vt 0.937500 0.500000
vt 0.906250 1.000000
vt 0.906250 0.500000
vt 0.875000 1.000000
vt 0.875000 0.500000
vt 0.843750 1.000000
vt 0.843750 0.500000
vt 0.812500 1.000000
vt 0.812500 0.500000
vt 0.781250 1.000000
vt 0.781250 0.500000
vt 0.750000 1.000000
vt 0.750000 0.500000
vt 0.718750 1.000000
vt 0.718750 0.500000
vt 0.687500 1.000000
vt 0.687500 0.500000
vt 0.656250 1.000000
vt 0.656250 0.500000
vt 0.625000 1.000000
vt 0.625000 0.500000
vt 0.593750 1.000000
vt 0.593750 0.500000
vt 0.562500 1.000000
vt 0.562500 0.500000
vt 0.531250 1.000000
vt 0.531250 0.500000
vt 0.500000 1.000000
vt 0.500000 0.500000
vt 0.468750 1.000000
vt 0.468750 0.500000
vt 0.437500 1.000000
vt 0.437500 0.500000
vt 0.406250 1.000000
vt 0.406250 0.500000
vt 0.375000 1.000000
vt 0.375000 0.500000
vt 0.343750 1.000000
vt 0.343750 0.500000
vt 0.312500 1.000000
vt 0.312500 0.500000
vt 0.281250 1.000000
vt 0.281250 0.500000
vt 0.250000 1.000000
vt 0.250000 0.500000
vt 0.218750 1.000000
vt 0.218750 0.500000
vt 0.187500 1.000000
vt 0.187500 0.500000
vt 0.156250 1.000000
vt 0.156250 0.500000
vt 0.125000 1.000000
vt 0.125000 0.500000
vt 0.093750 1.000000
vt 0.093750 0.500000
vt 0.062500 1.000000
vt 0.062500 0.500000
vt 0.296822 0.485388
vt 0.250000 0.490000
vt 0.203178 0.485388
vt 0.158156 0.471731
vt 0.116663 0.449553
vt 0.080294 0.419706
vt 0.050447 0.383337
vt 0.028269 0.341844
vt 0.014612 0.296822
vt 0.010000 0.250000
vt 0.014612 0.203178
vt 0.028269 0.158156
vt 0.050447 0.116663
vt 0.080294 0.080294
vt 0.116663 0.050447
vt 0.158156 0.028269
vt 0.203178 0.014612
vt 0.250000 0.010000
vt 0.296822 0.014612
vt 0.341844 0.028269
vt 0.383337 0.050447
vt 0.419706 0.080294
vt 0.449553 0.116663
vt 0.471731 0.158156
vt 0.485388 0.203178
vt 0.490000 0.250000
vt 0.485388 0.296822
vt 0.471731 0.341844
vt 0.449553 0.383337
vt 0.419706 0.419706
vt 0.383337 0.449553
vt 0.341844 0.471731
vt 0.031250 1.000000
vt 0.031250 0.500000
vt 0.000000 1.000000
vt 0.000000 0.500000
vt 0.750000 0.490000
vt 0.796822 0.485388
vt 0.841844 0.471731
vt 0.883337 0.449553
vt 0.919706 0.419706
vt 0.949553 0.383337
vt 0.971731 0.341844
vt 0.985388 0.296822
vt 0.990000 0.250000
vt 0.985388 0.203178
vt 0.971731 0.158156
vt 0.949553 0.116663
vt 0.919706 0.080294
vt 0.883337 0.050447
vt 0.841844 0.028269
vt 0.796822 0.014612
vt 0.750000 0.010000
vt 0.703178 0.014612
vt 0.658156 0.028269
vt 0.616663 0.050447
vt 0.580294 0.080294
vt 0.550447 0.116663
vt 0.528269 0.158156
vt 0.514612 0.203178
vt 0.510000 0.250000
vt 0.514612 0.296822
vt 0.528269 0.341844
vt 0.550447 0.383337
vt 0.580294 0.419706
vt 0.616663 0.449553
vt 0.658156 0.471731
vt 0.703178 0.485388
s 0
usemtl Standoff_Steel
f 169/331/99 170/332/99 172/333/99 171/334/99
f 171/334/100 172/333/100 174/335/100 173/336/100
f 173/336/101 174/335/101 176/337/101 175/338/101
f 175/338/102 176/337/102 178/339/102 177/340/102
f 177/340/103 178/339/103 180/341/103 179/342/103
f 179/342/104 180/341/104 182/343/104 181/344/104
f 181/344/105 182/343/105 184/345/105 183/346/105
f 183/346/106 184/345/106 186/347/106 185/348/106
f 185/348/107 186/347/107 188/349/107 187/350/107
f 187/350/108 188/349/108 190/351/108 189/352/108
f 189/352/109 190/351/109 192/353/109 191/354/109
f 191/354/110 192/353/110 194/355/110 193/356/110
f 193/356/111 194/355/111 196/357/111 195/358/111
f 195/358/112 196/357/112 198/359/112 197/360/112
f 197/360/113 198/359/113 200/361/113 199/362/113
f 199/362/114 200/361/114 202/363/114 201/364/114
f 201/364/115 202/363/115 204/365/115 203/366/115
f 203/366/116 204/365/116 206/367/116 205/368/116
f 205/368/117 206/367/117 208/369/117 207/370/117
f 207/370/118 208/369/118 210/371/118 209/372/118
f 209/372/119 210/371/119 212/373/119 211/374/119
f 211/374/120 212/373/120 214/375/120 213/376/120
f 213/376/121 214/375/121 216/377/121 215/378/121
f 215/378/122 216/377/122 218/379/122 217/380/122
f 217/380/123 218/379/123 220/381/123 219/382/123
f 219/382/124 220/381/124 222/383/124 221/384/124
f 221/384/125 222/383/125 224/385/125 223/386/125
f 223/386/126 224/385/126 226/387/126 225/388/126
f 225/388/127 226/387/127 228/389/127 227/390/127
f 227/390/128 228/389/128 230/391/128 229/392/128
f 172/393/129 170/394/129 232/395/129 230/396/129 228/397/129 226/398/129 224/399/129 222/400/129 220/401/129 218/402/129 216/403/129 214/404/129 212/405/129 210/406/129 208/407/129 206/408/129 204/409/129 202/410/129 200/411/129 198/412/129 196/413/129 194/414/129 192/415/129 190/416/129 188/417/129 186/418/129 184/419/129 182/420/129 180/421/129 178/422/129 176/423/129 174/424/129
f 229/392/130 230/391/130 232/425/130 231/426/130
f 231/426/131 232/425/131 170/427/131 169/428/131
f 169/429/132 171/430/132 173/431/132 175/432/132 177/433/132 179/434/132 181/435/132 183/436/132 185/437/132 187/438/132 189/439/132 191/440/132 193/441/132 195/442/132 197/443/132 199/444/132 201/445/132 203/446/132 205/447/132 207/448/132 209/449/132 211/450/132 213/451/132 215/452/132 217/453/132 219/454/132 221/455/132 223/456/132 225/457/132 227/458/132 229/459/132 231/460/132
o Standoff_PCB1_PCB2_1
v -0.016000 0.012250 0.118600
v -0.016000 0.012250 0.126600
v -0.015756 0.012226 0.118600
v -0.015756 0.012226 0.126600
v -0.015522 0.012155 0.118600
v -0.015522 0.012155 0.126600
v -0.015306 0.012039 0.118600
v -0.015306 0.012039 0.126600
v -0.015116 0.011884 0.118600
v -0.015116 0.011884 0.126600
v -0.014961 0.011694 0.118600
v -0.014961 0.011694 0.126600
v -0.014845 0.011478 0.118600
v -0.014845 0.011478 0.126600
v -0.014774 0.011244 0.118600
v -0.014774 0.011244 0.126600
v -0.014750 0.011000 0.118600
v -0.014750 0.011000 0.126600
v -0.014774 0.010756 0.118600
v -0.014774 0.010756 0.126600
v -0.014845 0.010522 0.118600
v -0.014845 0.010522 0.126600
v -0.014961 0.010306 0.118600
v -0.014961 0.010306 0.126600
v -0.015116 0.010116 0.118600
v -0.015116 0.010116 0.126600
v -0.015306 0.009961 0.118600
v -0.015306 0.009961 0.126600
v -0.015522 0.009845 0.118600
v -0.015522 0.009845 0.126600
v -0.015756 0.009774 0.118600
v -0.015756 0.009774 0.126600
v -0.016000 0.009750 0.118600
v -0.016000 0.009750 0.126600
v -0.016244 0.009774 0.118600
v -0.016244 0.009774 0.126600
v -0.016478 0.009845 0.118600
v -0.016478 0.009845 0.126600
v -0.016694 0.009961 0.118600
v -0.016694 0.009961 0.126600
v -0.016884 0.010116 0.118600
v -0.016884 0.010116 0.126600
v -0.017039 0.010306 0.118600
v -0.017039 0.010306 0.126600
v -0.017155 0.010522 0.118600
v -0.017155 0.010522 0.126600
v -0.017226 0.010756 0.118600
v -0.017226 0.010756 0.126600
v -0.017250 0.011000 0.118600
v -0.017250 0.011000 0.126600
v -0.017226 0.011244 0.118600
v -0.017226 0.011244 0.126600
v -0.017155 0.011478 0.118600
v -0.017155 0.011478 0.126600
v -0.017039 0.011694 0.118600
v -0.017039 0.011694 0.126600
v -0.016884 0.011884 0.118600
v -0.016884 0.011884 0.126600
v -0.016694 0.012039 0.118600
v -0.016694 0.012039 0.126600
v -0.016478 0.012155 0.118600
v -0.016478 0.012155 0.126600
v -0.016244 0.012226 0.118600
v -0.016244 0.012226 0.126600
vn 0.0980 0.9952 -0.0000
vn 0.2903 0.9569 -0.0000
vn 0.4714 0.8819 -0.0000
vn 0.6344 0.7730 -0.0000
vn 0.7730 0.6344 -0.0000
vn 0.8819 0.4714 -0.0000
vn 0.9569 0.2903 -0.0000
vn 0.9952 0.0980 -0.0000
vn 0.9952 -0.0980 -0.0000
vn 0.9569 -0.2903 -0.0000
vn 0.8819 -0.4714 -0.0000
vn 0.7730 -0.6344 -0.0000
vn 0.6344 -0.7730 -0.0000
vn 0.4714 -0.8819 -0.0000
vn 0.2903 -0.9569 -0.0000
vn 0.0980 -0.9952 -0.0000
vn -0.0980 -0.9952 -0.0000
vn -0.2903 -0.9569 -0.0000
vn -0.4714 -0.8819 -0.0000
vn -0.6344 -0.7730 -0.0000
vn -0.7730 -0.6344 -0.0000
vn -0.8819 -0.4714 -0.0000
vn -0.9569 -0.2903 -0.0000
vn -0.9952 -0.0980 -0.0000
vn -0.9952 0.0980 -0.0000
vn -0.9569 0.2903 -0.0000
vn -0.8819 0.4714 -0.0000
vn -0.7730 0.6344 -0.0000
vn -0.6344 0.7730 -0.0000
vn -0.4714 0.8819 -0.0000
vn -0.0000 -0.0000 1.0000
vn -0.2903 0.9569 -0.0000
vn -0.0980 0.9952 -0.0000
vn -0.0000 -0.0000 -1.0000
vt 1.000000 0.500000
vt 1.000000 1.000000
vt 0.968750 1.000000
vt 0.968750 0.500000
vt 0.937500 1.000000
vt 0.937500 0.500000
vt 0.906250 1.000000
vt 0.906250 0.500000
vt 0.875000 1.000000
vt 0.875000 0.500000
vt 0.843750 1.000000
vt 0.843750 0.500000
vt 0.812500 1.000000
vt 0.812500 0.500000
vt 0.781250 1.000000
vt 0.781250 0.500000
vt 0.750000 1.000000
vt 0.750000 0.500000
vt 0.718750 1.000000
vt 0.718750 0.500000
vt 0.687500 1.000000
vt 0.687500 0.500000
vt 0.656250 1.000000
vt 0.656250 0.500000
vt 0.625000 1.000000
vt 0.625000 0.500000
vt 0.593750 1.000000
vt 0.593750 0.500000
vt 0.562500 1.000000
vt 0.562500 0.500000
vt 0.531250 1.000000
vt 0.531250 0.500000
vt 0.500000 1.000000
vt 0.500000 0.500000
vt 0.468750 1.000000
vt 0.468750 0.500000
vt 0.437500 1.000000
vt 0.437500 0.500000
vt 0.406250 1.000000
vt 0.406250 0.500000
vt 0.375000 1.000000
vt 0.375000 0.500000
vt 0.343750 1.000000
vt 0.343750 0.500000
vt 0.312500 1.000000
vt 0.312500 0.500000
vt 0.281250 1.000000
vt 0.281250 0.500000
vt 0.250000 1.000000
vt 0.250000 0.500000
vt 0.218750 1.000000
vt 0.218750 0.500000
vt 0.187500 1.000000
vt 0.187500 0.500000
vt 0.156250 1.000000
vt 0.156250 0.500000
vt 0.125000 1.000000
vt 0.125000 0.500000
vt 0.093750 1.000000
vt 0.093750 0.500000
vt 0.062500 1.000000
vt 0.062500 0.500000
vt 0.296822 0.485388
vt 0.250000 0.490000
vt 0.203178 0.485388
vt 0.158156 0.471731
vt 0.116663 0.449553
vt 0.080294 0.419706
vt 0.050447 0.383337
vt 0.028269 0.341844
vt 0.014612 0.296822
vt 0.010000 0.250000
vt 0.014612 0.203178
vt 0.028269 0.158156
vt 0.050447 0.116663
vt 0.080294 0.080294
vt 0.116663 0.050447
vt 0.158156 0.028269
vt 0.203178 0.014612
vt 0.250000 0.010000
vt 0.296822 0.014612
vt 0.341844 0.028269
vt 0.383337 0.050447
vt 0.419706 0.080294
vt 0.449553 0.116663
vt 0.471731 0.158156
vt 0.485388 0.203178
vt 0.490000 0.250000
vt 0.485388 0.296822
vt 0.471731 0.341844
vt 0.449553 0.383337
vt 0.419706 0.419706
vt 0.383337 0.449553
vt 0.341844 0.471731
vt 0.031250 1.000000
vt 0.031250 0.500000
vt 0.000000 1.000000
vt 0.000000 0.500000
vt 0.750000 0.490000
vt 0.796822 0.485388
vt 0.841844 0.471731
vt 0.883337 0.449553
vt 0.919706 0.419706
vt 0.949553 0.383337
vt 0.971731 0.341844
vt 0.985388 0.296822
vt 0.990000 0.250000
vt 0.985388 0.203178
vt 0.971731 0.158156
vt 0.949553 0.116663
vt 0.919706 0.080294
vt 0.883337 0.050447
vt 0.841844 0.028269
vt 0.796822 0.014612
vt 0.750000 0.010000
vt 0.703178 0.014612
vt 0.658156 0.028269
vt 0.616663 0.050447
vt 0.580294 0.080294
vt 0.550447 0.116663
vt 0.528269 0.158156
vt 0.514612 0.203178
vt 0.510000 0.250000
vt 0.514612 0.296822
vt 0.528269 0.341844
vt 0.550447 0.383337
vt 0.580294 0.419706
vt 0.616663 0.449553
vt 0.658156 0.471731
vt 0.703178 0.485388
s 0
usemtl Standoff_Steel
f 233/461/133 234/462/133 236/463/133 235/464/133
f 235/464/134 236/463/134 238/465/134 237/466/134
f 237/466/135 238/465/135 240/467/135 239/468/135
f 239/468/136 240/467/136 242/469/136 241/470/136
f 241/470/137 242/469/137 244/471/137 243/472/137
f 243/472/138 244/471/138 246/473/138 245/474/138
f 245/474/139 246/473/139 248/475/139 247/476/139
f 247/476/140 248/475/140 250/477/140 249/478/140
f 249/478/141 250/477/141 252/479/141 251/480/141
f 251/480/142 252/479/142 254/481/142 253/482/142
f 253/482/143 254/481/143 256/483/143 255/484/143
f 255/484/144 256/483/144 258/485/144 257/486/144
f 257/486/145 258/485/145 260/487/145 259/488/145
f 259/488/146 260/487/146 262/489/146 261/490/146
f 261/490/147 262/489/147 264/491/147 263/492/147
f 263/492/148 264/491/148 266/493/148 265/494/148
f 265/494/149 266/493/149 268/495/149 267/496/149
f 267/496/150 268/495/150 270/497/150 269/498/150
f 269/498/151 270/497/151 272/499/151 271/500/151
f 271/500/152 272/499/152 274/501/152 273/502/152
f 273/502/153 274/501/153 276/503/153 275/504/153
f 275/504/154 276/503/154 278/505/154 277/506/154
f 277/506/155 278/505/155 280/507/155 279/508/155
f 279/508/156 280/507/156 282/509/156 281/510/156
f 281/510/157 282/509/157 284/511/157 283/512/157
f 283/512/158 284/511/158 286/513/158 285/514/158
f 285/514/159 286/513/159 288/515/159 287/516/159
f 287/516/160 288/515/160 290/517/160 289/518/160
f 289/518/161 290/517/161 292/519/161 291/520/161
f 291/520/162 292/519/162 294/521/162 293/522/162
f 236/523/163 234/524/163 296/525/163 294/526/163 292/527/163 290/528/163 288/529/163 286/530/163 284/531/163 282/532/163 280/533/163 278/534/163 276/535/163 274/536/163 272/537/163 270/538/163 268/539/163 266/540/163 264/541/163 262/542/163 260/543/163 258/544/163 256/545/163 254/546/163 252/547/163 250/548/163 248/549/163 246/550/163 244/551/163 242/552/163 240/553/163 238/554/163
f 293/522/164 294/521/164 296/555/164 295/556/164
f 295/556/165 296/555/165 234/557/165 233/558/165
f 233/559/166 235/560/166 237/561/166 239/562/166 241/563/166 243/564/166 245/565/166 247/566/166 249/567/166 251/568/166 253/569/166 255/570/166 257/571/166 259/572/166 261/573/166 263/574/166 265/575/166 267/576/166 269/577/166 271/578/166 273/579/166 275/580/166 277/581/166 279/582/166 281/583/166 283/584/166 285/585/166 287/586/166 289/587/166 291/588/166 293/589/166 295/590/166
o Standoff_Battery_PCB1_2
v 0.016000 -0.009750 0.109000
v 0.016000 -0.009750 0.117000
v 0.016244 -0.009774 0.109000
v 0.016244 -0.009774 0.117000
v 0.016478 -0.009845 0.109000
v 0.016478 -0.009845 0.117000
v 0.016694 -0.009961 0.109000
v 0.016694 -0.009961 0.117000
v 0.016884 -0.010116 0.109000
v 0.016884 -0.010116 0.117000
v 0.017039 -0.010306 0.109000
v 0.017039 -0.010306 0.117000
v 0.017155 -0.010522 0.109000
v 0.017155 -0.010522 0.117000
v 0.017226 -0.010756 0.109000
v 0.017226 -0.010756 0.117000
v 0.017250 -0.011000 0.109000
v 0.017250 -0.011000 0.117000
v 0.017226 -0.011244 0.109000
v 0.017226 -0.011244 0.117000
v 0.017155 -0.011478 0.109000
v 0.017155 -0.011478 0.117000
v 0.017039 -0.011694 0.109000
v 0.017039 -0.011694 0.117000
v 0.016884 -0.011884 0.109000
v 0.016884 -0.011884 0.117000
v 0.016694 -0.012039 0.109000
v 0.016694 -0.012039 0.117000
v 0.016478 -0.012155 0.109000
v 0.016478 -0.012155 0.117000
v 0.016244 -0.012226 0.109000
v 0.016244 -0.012226 0.117000
v 0.016000 -0.012250 0.109000
v 0.016000 -0.012250 0.117000
v 0.015756 -0.012226 0.109000
v 0.015756 -0.012226 0.117000
v 0.015522 -0.012155 0.109000
v 0.015522 -0.012155 0.117000
v 0.015306 -0.012039 0.109000
v 0.015306 -0.012039 0.117000
v 0.015116 -0.011884 0.109000
v 0.015116 -0.011884 0.117000
v 0.014961 -0.011694 0.109000
v 0.014961 -0.011694 0.117000
v 0.014845 -0.011478 0.109000
v 0.014845 -0.011478 0.117000
v 0.014774 -0.011244 0.109000
v 0.014774 -0.011244 0.117000
v 0.014750 -0.011000 0.109000
v 0.014750 -0.011000 0.117000
v 0.014774 -0.010756 0.109000
v 0.014774 -0.010756 0.117000
v 0.014845 -0.010522 0.109000
v 0.014845 -0.010522 0.117000
v 0.014961 -0.010306 0.109000
v 0.014961 -0.010306 0.117000
v 0.015116 -0.010116 0.109000
v 0.015116 -0.010116 0.117000
v 0.015306 -0.009961 0.109000
v 0.015306 -0.009961 0.117000
v 0.015522 -0.009845 0.109000
v 0.015522 -0.009845 0.117000
v 0.015756 -0.009774 0.109000
v 0.015756 -0.009774 0.117000
vn 0.0980 0.9952 -0.0000
vn 0.2903 0.9569 -0.0000
vn 0.4714 0.8819 -0.0000
vn 0.6344 0.7730 -0.0000
vn 0.7730 0.6344 -0.0000
vn 0.8819 0.4714 -0.0000
vn 0.9569 0.2903 -0.0000
vn 0.9952 0.0980 -0.0000
vn 0.9952 -0.0980 -0.0000
vn 0.9569 -0.2903 -0.0000
vn 0.8819 -0.4714 -0.0000
vn 0.7730 -0.6344 -0.0000
vn 0.6344 -0.7730 -0.0000
vn 0.4714 -0.8819 -0.0000
vn 0.2903 -0.9569 -0.0000
vn 0.0980 -0.9952 -0.0000
vn -0.0980 -0.9952 -0.0000
vn -0.2903 -0.9569 -0.0000
vn -0.4714 -0.8819 -0.0000
vn -0.6344 -0.7730 -0.0000
vn -0.7730 -0.6344 -0.0000
vn -0.8819 -0.4714 -0.0000
vn -0.9569 -0.2903 -0.0000
vn -0.9952 -0.0980 -0.0000
vn -0.9952 0.0980 -0.0000
vn -0.9569 0.2903 -0.0000
vn -0.8819 0.4714 -0.0000
vn -0.7730 0.6344 -0.0000
vn -0.6344 0.7730 -0.0000
vn -0.4714 0.8819 -0.0000
vn -0.0000 -0.0000 1.0000
vn -0.2903 0.9569 -0.0000
vn -0.0980 0.9952 -0.0000
vn -0.0000 -0.0000 -1.0000
vt 1.000000 0.500000
vt 1.000000 1.000000
vt 0.968750 1.000000
vt 0.968750 0.500000
vt 0.937500 1.000000
vt 0.937500 0.500000
vt 0.906250 1.000000
vt 0.906250 0.500000
vt 0.875000 1.000000
vt 0.875000 0.500000
vt 0.843750 1.000000
vt 0.843750 0.500000
vt 0.812500 1.000000
vt 0.812500 0.500000
vt 0.781250 1.000000
vt 0.781250 0.500000
vt 0.750000 1.000000
vt 0.750000 0.500000
vt 0.718750 1.000000
vt 0.718750 0.500000
vt 0.687500 1.000000
vt 0.687500 0.500000
vt 0.656250 1.000000
vt 0.656250 0.500000
vt 0.625000 1.000000
vt 0.625000 0.500000
vt 0.593750 1.000000
vt 0.593750 0.500000
vt 0.562500 1.000000
vt 0.562500 0.500000
vt 0.531250 1.000000
vt 0.531250 0.500000
vt 0.500000 1.000000
vt 0.500000 0.500000
vt 0.468750 1.000000
vt 0.468750 0.500000
vt 0.437500 1.000000
vt 0.437500 0.500000
vt 0.406250 1.000000
vt 0.406250 0.500000
vt 0.375000 1.000000
vt 0.375000 0.500000
vt 0.343750 1.000000
vt 0.343750 0.500000
vt 0.312500 1.000000
vt 0.312500 0.500000
vt 0.281250 1.000000
vt 0.281250 0.500000
vt 0.250000 1.000000
vt 0.250000 0.500000
vt 0.218750 1.000000
vt 0.218750 0.500000
vt 0.187500 1.000000
vt 0.187500 0.500000
vt 0.156250 1.000000
vt 0.156250 0.500000
vt 0.125000 1.000000
vt 0.125000 0.500000
vt 0.093750 1.000000
vt 0.093750 0.500000
vt 0.062500 1.000000
vt 0.062500 0.500000
vt 0.296822 0.485388
vt 0.250000 0.490000
vt 0.203178 0.485388
vt 0.158156 0.471731
vt 0.116663 0.449553
vt 0.080294 0.419706
vt 0.050447 0.383337
vt 0.028269 0.341844
vt 0.014612 0.296822
vt 0.010000 0.250000
vt 0.014612 0.203178
vt 0.028269 0.158156
vt 0.050447 0.116663
vt 0.080294 0.080294
vt 0.116663 0.050447
vt 0.158156 0.028269
vt 0.203178 0.014612
vt 0.250000 0.010000
vt 0.296822 0.014612
vt 0.341844 0.028269
vt 0.383337 0.050447
vt 0.419706 0.080294
vt 0.449553 0.116663
vt 0.471731 0.158156
vt 0.485388 0.203178
vt 0.490000 0.250000
vt 0.485388 0.296822
vt 0.471731 0.341844
vt 0.449553 0.383337
vt 0.419706 0.419706
vt 0.383337 0.449553
vt 0.341844 0.471731
vt 0.031250 1.000000
vt 0.031250 0.500000
vt 0.000000 1.000000
vt 0.000000 0.500000
vt 0.750000 0.490000
vt 0.796822 0.485388
vt 0.841844 0.471731
vt 0.883337 0.449553
vt 0.919706 0.419706
vt 0.949553 0.383337
vt 0.971731 0.341844
vt 0.985388 0.296822
vt 0.990000 0.250000
vt 0.985388 0.203178
vt 0.971731 0.158156
vt 0.949553 0.116663
vt 0.919706 0.080294
vt 0.883337 0.050447
vt 0.841844 0.028269
vt 0.796822 0.014612
vt 0.750000 0.010000
vt 0.703178 0.014612
vt 0.658156 0.028269
vt 0.616663 0.050447
vt 0.580294 0.080294
vt 0.550447 0.116663
vt 0.528269 0.158156
vt 0.514612 0.203178
vt 0.510000 0.250000
vt 0.514612 0.296822
vt 0.528269 0.341844
vt 0.550447 0.383337
vt 0.580294 0.419706
vt 0.616663 0.449553
vt 0.658156 0.471731
vt 0.703178 0.485388
s 0
usemtl Standoff_Steel
f 297/591/167 298/592/167 300/593/167 299/594/167
f 299/594/168 300/593/168 302/595/168 301/596/168
f 301/596/169 302/595/169 304/597/169 303/598/169
f 303/598/170 304/597/170 306/599/170 305/600/170
f 305/600/171 306/599/171 308/601/171 307/602/171
f 307/602/172 308/601/172 310/603/172 309/604/172
f 309/604/173 310/603/173 312/605/173 311/606/173
f 311/606/174 312/605/174 314/607/174 313/608/174
f 313/608/175 314/607/175 316/609/175 315/610/175
f 315/610/176 316/609/176 318/611/176 317/612/176
f 317/612/177 318/611/177 320/613/177 319/614/177
f 319/614/178 320/613/178 322/615/178 321/616/178
f 321/616/179 322/615/179 324/617/179 323/618/179
f 323/618/180 324/617/180 326/619/180 325/620/180
f 325/620/181 326/619/181 328/621/181 327/622/181
f 327/622/182 328/621/182 330/623/182 329/624/182
f 329/624/183 330/623/183 332/625/183 331/626/183
f 331/626/184 332/625/184 334/627/184 333/628/184
f 333/628/185 334/627/185 336/629/185 335/630/185
f 335/630/186 336/629/186 338/631/186 337/632/186
f 337/632/187 338/631/187 340/633/187 339/634/187
f 339/634/188 340/633/188 342/635/188 341/636/188
f 341/636/189 342/635/189 344/637/189 343/638/189
f 343/638/190 344/637/190 346/639/190 345/640/190
f 345/640/191 346/639/191 348/641/191 347/642/191
f 347/642/192 348/641/192 350/643/192 349/644/192
f 349/644/193 350/643/193 352/645/193 351/646/193
f 351/646/194 352/645/194 354/647/194 353/648/194
f 353/648/195 354/647/195 356/649/195 355/650/195
f 355/650/196 356/649/196 358/651/196 357/652/196
f 300/653/197 298/654/197 360/655/197 358/656/197 356/657/197 354/658/197 352/659/197 350/660/197 348/661/197 346/662/197 344/663/197 342/664/197 340/665/197 338/666/197 336/667/197 334/668/197 332/669/197 330/670/197 328/671/197 326/672/197 324/673/197 322/674/197 320/675/197 318/676/197 316/677/197 314/678/197 312/679/197 310/680/197 308/681/197 306/682/197 304/683/197 302/684/197
f 357/652/198 358/651/198 360/685/198 359/686/198
f 359/686/199 360/685/199 298/687/199 297/688/199
f 297/689/200 299/690/200 301/691/200 303/692/200 305/693/200 307/694/200 309/695/200 311/696/200 313/697/200 315/698/200 317/699/200 319/700/200 321/701/200 323/702/200 325/703/200 327/704/200 329/705/200 331/706/200 333/707/200 335/708/200 337/709/200 339/710/200 341/711/200 343/712/200 345/713/200 347/714/200 349/715/200 351/716/200 353/717/200 355/718/200 357/719/200 359/720/200
o Standoff_PCB1_PCB2_2
v 0.016000 -0.009750 0.118600
v 0.016000 -0.009750 0.126600
v 0.016244 -0.009774 0.118600
v 0.016244 -0.009774 0.126600
v 0.016478 -0.009845 0.118600
v 0.016478 -0.009845 0.126600
v 0.016694 -0.009961 0.118600
v 0.016694 -0.009961 0.126600
v 0.016884 -0.010116 0.118600
v 0.016884 -0.010116 0.126600
v 0.017039 -0.010306 0.118600
v 0.017039 -0.010306 0.126600
v 0.017155 -0.010522 0.118600
v 0.017155 -0.010522 0.126600
v 0.017226 -0.010756 0.118600
v 0.017226 -0.010756 0.126600
v 0.017250 -0.011000 0.118600
v 0.017250 -0.011000 0.126600
v 0.017226 -0.011244 0.118600
v 0.017226 -0.011244 0.126600
v 0.017155 -0.011478 0.118600
v 0.017155 -0.011478 0.126600
v 0.017039 -0.011694 0.118600
v 0.017039 -0.011694 0.126600
v 0.016884 -0.011884 0.118600
v 0.016884 -0.011884 0.126600
v 0.016694 -0.012039 0.118600
v 0.016694 -0.012039 0.126600
v 0.016478 -0.012155 0.118600
v 0.016478 -0.012155 0.126600
v 0.016244 -0.012226 0.118600
v 0.016244 -0.012226 0.126600
v 0.016000 -0.012250 0.118600
v 0.016000 -0.012250 0.126600
v 0.015756 -0.012226 0.118600
v 0.015756 -0.012226 0.126600
v 0.015522 -0.012155 0.118600
v 0.015522 -0.012155 0.126600
v 0.015306 -0.012039 0.118600
v 0.015306 -0.012039 0.126600
v 0.015116 -0.011884 0.118600
v 0.015116 -0.011884 0.126600
v 0.014961 -0.011694 0.118600
v 0.014961 -0.011694 0.126600
v 0.014845 -0.011478 0.118600
v 0.014845 -0.011478 0.126600
v 0.014774 -0.011244 0.118600
v 0.014774 -0.011244 0.126600
v 0.014750 -0.011000 0.118600
v 0.014750 -0.011000 0.126600
v 0.014774 -0.010756 0.118600
v 0.014774 -0.010756 0.126600
v 0.014845 -0.010522 0.118600
v 0.014845 -0.010522 0.126600
v 0.014961 -0.010306 0.118600
v 0.014961 -0.010306 0.126600
v 0.015116 -0.010116 0.118600
v 0.015116 -0.010116 0.126600
v 0.015306 -0.009961 0.118600
v 0.015306 -0.009961 0.126600
v 0.015522 -0.009845 0.118600
v 0.015522 -0.009845 0.126600
v 0.015756 -0.009774 0.118600
v 0.015756 -0.009774 0.126600
vn 0.0980 0.9952 -0.0000
vn 0.2903 0.9569 -0.0000
vn 0.4714 0.8819 -0.0000
vn 0.6344 0.7730 -0.0000
vn 0.7730 0.6344 -0.0000
vn 0.8819 0.4714 -0.0000
vn 0.9569 0.2903 -0.0000
vn 0.9952 0.0980 -0.0000
vn 0.9952 -0.0980 -0.0000
vn 0.9569 -0.2903 -0.0000
vn 0.8819 -0.4714 -0.0000
vn 0.7730 -0.6344 -0.0000
vn 0.6344 -0.7730 -0.0000
vn 0.4714 -0.8819 -0.0000
vn 0.2903 -0.9569 -0.0000
vn 0.0980 -0.9952 -0.0000
vn -0.0980 -0.9952 -0.0000
vn -0.2903 -0.9569 -0.0000
vn -0.4714 -0.8819 -0.0000
vn -0.6344 -0.7730 -0.0000
vn -0.7730 -0.6344 -0.0000
vn -0.8819 -0.4714 -0.0000
vn -0.9569 -0.2903 -0.0000
vn -0.9952 -0.0980 -0.0000
vn -0.9952 0.0980 -0.0000
vn -0.9569 0.2903 -0.0000
vn -0.8819 0.4714 -0.0000
vn -0.7730 0.6344 -0.0000
vn -0.6344 0.7730 -0.0000
vn -0.4714 0.8819 -0.0000
vn -0.0000 -0.0000 1.0000
vn -0.2903 0.9569 -0.0000
vn -0.0980 0.9952 -0.0000
vn -0.0000 -0.0000 -1.0000
vt 1.000000 0.500000
vt 1.000000 1.000000
vt 0.968750 1.000000
vt 0.968750 0.500000
vt 0.937500 1.000000
vt 0.937500 0.500000
vt 0.906250 1.000000
vt 0.906250 0.500000
vt 0.875000 1.000000
vt 0.875000 0.500000
vt 0.843750 1.000000
vt 0.843750 0.500000
vt 0.812500 1.000000
vt 0.812500 0.500000
vt 0.781250 1.000000
vt 0.781250 0.500000
vt 0.750000 1.000000
vt 0.750000 0.500000
vt 0.718750 1.000000
vt 0.718750 0.500000
vt 0.687500 1.000000
vt 0.687500 0.500000
vt 0.656250 1.000000
vt 0.656250 0.500000
vt 0.625000 1.000000
vt 0.625000 0.500000
vt 0.593750 1.000000
vt 0.593750 0.500000
vt 0.562500 1.000000
vt 0.562500 0.500000
vt 0.531250 1.000000
vt 0.531250 0.500000
vt 0.500000 1.000000
vt 0.500000 0.500000
vt 0.468750 1.000000
vt 0.468750 0.500000
vt 0.437500 1.000000
vt 0.437500 0.500000
vt 0.406250 1.000000
vt 0.406250 0.500000
vt 0.375000 1.000000
vt 0.375000 0.500000
vt 0.343750 1.000000
vt 0.343750 0.500000
vt 0.312500 1.000000
vt 0.312500 0.500000
vt 0.281250 1.000000
vt 0.281250 0.500000
vt 0.250000 1.000000
vt 0.250000 0.500000
vt 0.218750 1.000000
vt 0.218750 0.500000
vt 0.187500 1.000000
vt 0.187500 0.500000
vt 0.156250 1.000000
vt 0.156250 0.500000
vt 0.125000 1.000000
vt 0.125000 0.500000
vt 0.093750 1.000000
vt 0.093750 0.500000
vt 0.062500 1.000000
vt 0.062500 0.500000
vt 0.296822 0.485388
vt 0.250000 0.490000
vt 0.203178 0.485388
vt 0.158156 0.471731
vt 0.116663 0.449553
vt 0.080294 0.419706
vt 0.050447 0.383337
vt 0.028269 0.341844
vt 0.014612 0.296822
vt 0.010000 0.250000
vt 0.014612 0.203178
vt 0.028269 0.158156
vt 0.050447 0.116663
vt 0.080294 0.080294
vt 0.116663 0.050447
vt 0.158156 0.028269
vt 0.203178 0.014612
vt 0.250000 0.010000
vt 0.296822 0.014612
vt 0.341844 0.028269
vt 0.383337 0.050447
vt 0.419706 0.080294
vt 0.449553 0.116663
vt 0.471731 0.158156
vt 0.485388 0.203178
vt 0.490000 0.250000
vt 0.485388 0.296822
vt 0.471731 0.341844
vt 0.449553 0.383337
vt 0.419706 0.419706
vt 0.383337 0.449553
vt 0.341844 0.471731
vt 0.031250 1.000000
vt 0.031250 0.500000
vt 0.000000 1.000000
vt 0.000000 0.500000
vt 0.750000 0.490000
vt 0.796822 0.485388
vt 0.841844 0.471731
vt 0.883337 0.449553
vt 0.919706 0.419706
vt 0.949553 0.383337
vt 0.971731 0.341844
vt 0.985388 0.296822
vt 0.990000 0.250000
vt 0.985388 0.203178
vt 0.971731 0.158156
vt 0.949553 0.116663
vt 0.919706 0.080294
vt 0.883337 0.050447
vt 0.841844 0.028269
vt 0.796822 0.014612
vt 0.750000 0.010000
vt 0.703178 0.014612
vt 0.658156 0.028269
vt 0.616663 0.050447
vt 0.580294 0.080294
vt 0.550447 0.116663
vt 0.528269 0.158156
vt 0.514612 0.203178
vt 0.510000 0.250000
vt 0.514612 0.296822
vt 0.528269 0.341844
vt 0.550447 0.383337
vt 0.580294 0.419706
vt 0.616663 0.449553
vt 0.658156 0.471731
vt 0.703178 0.485388
s 0
usemtl Standoff_Steel
f 361/721/201 362/722/201 364/723/201 363/724/201
f 363/724/202 364/723/202 366/725/202 365/726/202
f 365/726/203 366/725/203 368/727/203 367/728/203
f 367/728/204 368/727/204 370/729/204 369/730/204
f 369/730/205 370/729/205 372/731/205 371/732/205
f 371/732/206 372/731/206 374/733/206 373/734/206
f 373/734/207 374/733/207 376/735/207 375/736/207
f 375/736/208 376/735/208 378/737/208 377/738/208
f 377/738/209 378/737/209 380/739/209 379/740/209
f 379/740/210 380/739/210 382/741/210 381/742/210
f 381/742/211 382/741/211 384/743/211 383/744/211
f 383/744/212 384/743/212 386/745/212 385/746/212
f 385/746/213 386/745/213 388/747/213 387/748/213
f 387/748/214 388/747/214 390/749/214 389/750/214
f 389/750/215 390/749/215 392/751/215 391/752/215
f 391/752/216 392/751/216 394/753/216 393/754/216
f 393/754/217 394/753/217 396/755/217 395/756/217
f 395/756/218 396/755/218 398/757/218 397/758/218
f 397/758/219 398/757/219 400/759/219 399/760/219
f 399/760/220 400/759/220 402/761/220 401/762/220
f 401/762/221 402/761/221 404/763/221 403/764/221
f 403/764/222 404/763/222 406/765/222 405/766/222
f 405/766/223 406/765/223 408/767/223 407/768/223
f 407/768/224 408/767/224 410/769/224 409/770/224
f 409/770/225 410/769/225 412/771/225 411/772/225
f 411/772/226 412/771/226 414/773/226 413/774/226
f 413/774/227 414/773/227 416/775/227 415/776/227
f 415/776/228 416/775/228 418/777/228 417/778/228
f 417/778/229 418/777/229 420/779/229 419/780/229
f 419/780/230 420/779/230 422/781/230 421/782/230
f 364/783/231 362/784/231 424/785/231 422/786/231 420/787/231 418/788/231 416/789/231 414/790/231 412/791/231 410/792/231 408/793/231 406/794/231 404/795/231 402/796/231 400/797/231 398/798/231 396/799/231 394/800/231 392/801/231 390/802/231 388/803/231 386/804/231 384/805/231 382/806/231 380/807/231 378/808/231 376/809/231 374/810/231 372/811/231 370/812/231 368/813/231 366/814/231
f 421/782/232 422/781/232 424/815/232 423/816/232
f 423/816/233 424/815/233 362/817/233 361/818/233
f 361/819/234 363/820/234 365/821/234 367/822/234 369/823/234 371/824/234 373/825/234 375/826/234 377/827/234 379/828/234 381/829/234 383/830/234 385/831/234 387/832/234 389/833/234 391/834/234 393/835/234 395/836/234 397/837/234 399/838/234 401/839/234 403/840/234 405/841/234 407/842/234 409/843/234 411/844/234 413/845/234 415/846/234 417/847/234 419/848/234 421/849/234 423/850/234
o Standoff_Battery_PCB1_3
v 0.016000 0.012250 0.109000
v 0.016000 0.012250 0.117000
v 0.016244 0.012226 0.109000
v 0.016244 0.012226 0.117000
v 0.016478 0.012155 0.109000
v 0.016478 0.012155 0.117000
v 0.016694 0.012039 0.109000
v 0.016694 0.012039 0.117000
v 0.016884 0.011884 0.109000
v 0.016884 0.011884 0.117000
v 0.017039 0.011694 0.109000
v 0.017039 0.011694 0.117000
v 0.017155 0.011478 0.109000
v 0.017155 0.011478 0.117000
v 0.017226 0.011244 0.109000
v 0.017226 0.011244 0.117000
v 0.017250 0.011000 0.109000
v 0.017250 0.011000 0.117000
v 0.017226 0.010756 0.109000
v 0.017226 0.010756 0.117000
v 0.017155 0.010522 0.109000
v 0.017155 0.010522 0.117000
v 0.017039 0.010306 0.109000
v 0.017039 0.010306 0.117000
v 0.016884 0.010116 0.109000
v 0.016884 0.010116 0.117000
v 0.016694 0.009961 0.109000
v 0.016694 0.009961 0.117000
v 0.016478 0.009845 0.109000
v 0.016478 0.009845 0.117000
v 0.016244 0.009774 0.109000
v 0.016244 0.009774 0.117000
v 0.016000 0.009750 0.109000
v 0.016000 0.009750 0.117000
v 0.015756 0.009774 0.109000
v 0.015756 0.009774 0.117000
v 0.015522 0.009845 0.109000
v 0.015522 0.009845 0.117000
v 0.015306 0.009961 0.109000
v 0.015306 0.009961 0.117000
v 0.015116 0.010116 0.109000
v 0.015116 0.010116 0.117000
v 0.014961 0.010306 0.109000
v 0.014961 0.010306 0.117000
v 0.014845 0.010522 0.109000
v 0.014845 0.010522 0.117000
v 0.014774 0.010756 0.109000
v 0.014774 0.010756 0.117000
v 0.014750 0.011000 0.109000
v 0.014750 0.011000 0.117000
v 0.014774 0.011244 0.109000
v 0.014774 0.011244 0.117000
v 0.014845 0.011478 0.109000
v 0.014845 0.011478 0.117000
v 0.014961 0.011694 0.109000
v 0.014961 0.011694 0.117000
v 0.015116 0.011884 0.109000
v 0.015116 0.011884 0.117000
v 0.015306 0.012039 0.109000
v 0.015306 0.012039 0.117000
v 0.015522 0.012155 0.109000
v 0.015522 0.012155 0.117000
v 0.015756 0.012226 0.109000
v 0.015756 0.012226 0.117000
vn 0.0980 0.9952 -0.0000
vn 0.2903 0.9569 -0.0000
vn 0.4714 0.8819 -0.0000
vn 0.6344 0.7730 -0.0000
vn 0.7730 0.6344 -0.0000
vn 0.8819 0.4714 -0.0000
vn 0.9569 0.2903 -0.0000
vn 0.9952 0.0980 -0.0000
vn 0.9952 -0.0980 -0.0000
vn 0.9569 -0.2903 -0.0000
vn 0.8819 -0.4714 -0.0000
vn 0.7730 -0.6344 -0.0000
vn 0.6344 -0.7730 -0.0000
vn 0.4714 -0.8819 -0.0000
vn 0.2903 -0.9569 -0.0000
vn 0.0980 -0.9952 -0.0000
vn -0.0980 -0.9952 -0.0000
vn -0.2903 -0.9569 -0.0000
vn -0.4714 -0.8819 -0.0000
vn -0.6344 -0.7730 -0.0000
vn -0.7730 -0.6344 -0.0000
vn -0.8819 -0.4714 -0.0000
vn -0.9569 -0.2903 -0.0000
vn -0.9952 -0.0980 -0.0000
vn -0.9952 0.0980 -0.0000
vn -0.9569 0.2903 -0.0000
vn -0.8819 0.4714 -0.0000
vn -0.7730 0.6344 -0.0000
vn -0.6344 0.7730 -0.0000
vn -0.4714 0.8819 -0.0000
vn -0.0000 -0.0000 1.0000
vn -0.2903 0.9569 -0.0000
vn -0.0980 0.9952 -0.0000
vn -0.0000 -0.0000 -1.0000
vt 1.000000 0.500000
vt 1.000000 1.000000
vt 0.968750 1.000000
vt 0.968750 0.500000
vt 0.937500 1.000000
vt 0.937500 0.500000
vt 0.906250 1.000000
vt 0.906250 0.500000
vt 0.875000 1.000000
vt 0.875000 0.500000
vt 0.843750 1.000000
vt 0.843750 0.500000
vt 0.812500 1.000000
vt 0.812500 0.500000
vt 0.781250 1.000000
vt 0.781250 0.500000
vt 0.750000 1.000000
vt 0.750000 0.500000
vt 0.718750 1.000000
vt 0.718750 0.500000
vt 0.687500 1.000000
vt 0.687500 0.500000
vt 0.656250 1.000000
vt 0.656250 0.500000
vt 0.625000 1.000000
vt 0.625000 0.500000
vt 0.593750 1.000000
vt 0.593750 0.500000
vt 0.562500 1.000000
vt 0.562500 0.500000
vt 0.531250 1.000000
vt 0.531250 0.500000
vt 0.500000 1.000000
vt 0.500000 0.500000
vt 0.468750 1.000000
vt 0.468750 0.500000
vt 0.437500 1.000000
vt 0.437500 0.500000
vt 0.406250 1.000000
vt 0.406250 0.500000
vt 0.375000 1.000000
vt 0.375000 0.500000
vt 0.343750 1.000000
vt 0.343750 0.500000
vt 0.312500 1.000000
vt 0.312500 0.500000
vt 0.281250 1.000000
vt 0.281250 0.500000
vt 0.250000 1.000000
vt 0.250000 0.500000
vt 0.218750 1.000000
vt 0.218750 0.500000
vt 0.187500 1.000000
vt 0.187500 0.500000
vt 0.156250 1.000000
vt 0.156250 0.500000
vt 0.125000 1.000000
vt 0.125000 0.500000
vt 0.093750 1.000000
vt 0.093750 0.500000
vt 0.062500 1.000000
vt 0.062500 0.500000
vt 0.296822 0.485388
vt 0.250000 0.490000
vt 0.203178 0.485388
vt 0.158156 0.471731
vt 0.116663 0.449553
vt 0.080294 0.419706
vt 0.050447 0.383337
vt 0.028269 0.341844
vt 0.014612 0.296822
vt 0.010000 0.250000
vt 0.014612 0.203178
vt 0.028269 0.158156
vt 0.050447 0.116663
vt 0.080294 0.080294
vt 0.116663 0.050447
vt 0.158156 0.028269
vt 0.203178 0.014612
vt 0.250000 0.010000
vt 0.296822 0.014612
vt 0.341844 0.028269
vt 0.383337 0.050447
vt 0.419706 0.080294
vt 0.449553 0.116663
vt 0.471731 0.158156
vt 0.485388 0.203178
vt 0.490000 0.250000
vt 0.485388 0.296822
vt 0.471731 0.341844
vt 0.449553 0.383337
vt 0.419706 0.419706
vt 0.383337 0.449553
vt 0.341844 0.471731
vt 0.031250 1.000000
vt 0.031250 0.500000
vt 0.000000 1.000000
vt 0.000000 0.500000
vt 0.750000 0.490000
vt 0.796822 0.485388
vt 0.841844 0.471731
vt 0.883337 0.449553
vt 0.919706 0.419706
vt 0.949553 0.383337
vt 0.971731 0.341844
vt 0.985388 0.296822
vt 0.990000 0.250000
vt 0.985388 0.203178
vt 0.971731 0.158156
vt 0.949553 0.116663
vt 0.919706 0.080294
vt 0.883337 0.050447
vt 0.841844 0.028269
vt 0.796822 0.014612
vt 0.750000 0.010000
vt 0.703178 0.014612
vt 0.658156 0.028269
vt 0.616663 0.050447
vt 0.580294 0.080294
vt 0.550447 0.116663
vt 0.528269 0.158156
vt 0.514612 0.203178
vt 0.510000 0.250000
vt 0.514612 0.296822
vt 0.528269 0.341844
vt 0.550447 0.383337
vt 0.580294 0.419706
vt 0.616663 0.449553
vt 0.658156 0.471731
vt 0.703178 0.485388
s 0
usemtl Standoff_Steel
f 425/851/235 426/852/235 428/853/235 427/854/235
f 427/854/236 428/853/236 430/855/236 429/856/236
f 429/856/237 430/855/237 432/857/237 431/858/237
f 431/858/238 432/857/238 434/859/238 433/860/238
f 433/860/239 434/859/239 436/861/239 435/862/239
f 435/862/240 436/861/240 438/863/240 437/864/240
f 437/864/241 438/863/241 440/865/241 439/866/241
f 439/866/242 440/865/242 442/867/242 441/868/242
f 441/868/243 442/867/243 444/869/243 443/870/243
f 443/870/244 444/869/244 446/871/244 445/872/244
f 445/872/245 446/871/245 448/873/245 447/874/245
f 447/874/246 448/873/246 450/875/246 449/876/246
f 449/876/247 450/875/247 452/877/247 451/878/247
f 451/878/248 452/877/248 454/879/248 453/880/248
f 453/880/249 454/879/249 456/881/249 455/882/249
f 455/882/250 456/881/250 458/883/250 457/884/250
f 457/884/251 458/883/251 460/885/251 459/886/251
f 459/886/252 460/885/252 462/887/252 461/888/252
f 461/888/253 462/887/253 464/889/253 463/890/253
f 463/890/254 464/889/254 466/891/254 465/892/254
f 465/892/255 466/891/255 468/893/255 467/894/255
f 467/894/256 468/893/256 470/895/256 469/896/256
f 469/896/257 470/895/257 472/897/257 471/898/257
f 471/898/258 472/897/258 474/899/258 473/900/258
f 473/900/259 474/899/259 476/901/259 475/902/259
f 475/902/260 476/901/260 478/903/260 477/904/260
f 477/904/261 478/903/261 480/905/261 479/906/261
f 479/906/262 480/905/262 482/907/262 481/908/262
f 481/908/263 482/907/263 484/909/263 483/910/263
f 483/910/264 484/909/264 486/911/264 485/912/264
f 428/913/265 426/914/265 488/915/265 486/916/265 484/917/265 482/918/265 480/919/265 478/920/265 476/921/265 474/922/265 472/923/265 470/924/265 468/925/265 466/926/265 464/927/265 462/928/265 460/929/265 458/930/265 456/931/265 454/932/265 452/933/265 450/934/265 448/935/265 446/936/265 444/937/265 442/938/265 440/939/265 438/940/265 436/941/265 434/942/265 432/943/265 430/944/265
f 485/912/266 486/911/266 488/945/266 487/946/266
f 487/946/267 488/945/267 426/947/267 425/948/267
f 425/949/268 427/950/268 429/951/268 431/952/268 433/953/268 435/954/268 437/955/268 439/956/268 441/957/268 443/958/268 445/959/268 447/960/268 449/961/268 451/962/268 453/963/268 455/964/268 457/965/268 459/966/268 461/967/268 463/968/268 465/969/268 467/970/268 469/971/268 471/972/268 473/973/268 475/974/268 477/975/268 479/976/268 481/977/268 483/978/268 485/979/268 487/980/268
o Standoff_PCB1_PCB2_3
v 0.016000 0.012250 0.118600
v 0.016000 0.012250 0.126600
v 0.016244 0.012226 0.118600
v 0.016244 0.012226 0.126600
v 0.016478 0.012155 0.118600
v 0.016478 0.012155 0.126600
v 0.016694 0.012039 0.118600
v 0.016694 0.012039 0.126600
v 0.016884 0.011884 0.118600
v 0.016884 0.011884 0.126600
v 0.017039 0.011694 0.118600
v 0.017039 0.011694 0.126600
v 0.017155 0.011478 0.118600
v 0.017155 0.011478 0.126600
v 0.017226 0.011244 0.118600
v 0.017226 0.011244 0.126600
v 0.017250 0.011000 0.118600
v 0.017250 0.011000 0.126600
v 0.017226 0.010756 0.118600
v 0.017226 0.010756 0.126600
v 0.017155 0.010522 0.118600
v 0.017155 0.010522 0.126600
v 0.017039 0.010306 0.118600
v 0.017039 0.010306 0.126600
v 0.016884 0.010116 0.118600
v 0.016884 0.010116 0.126600
v 0.016694 0.009961 0.118600
v 0.016694 0.009961 0.126600
v 0.016478 0.009845 0.118600
v 0.016478 0.009845 0.126600
v 0.016244 0.009774 0.118600
v 0.016244 0.009774 0.126600
v 0.016000 0.009750 0.118600
v 0.016000 0.009750 0.126600
v 0.015756 0.009774 0.118600
v 0.015756 0.009774 0.126600
v 0.015522 0.009845 0.118600
v 0.015522 0.009845 0.126600
v 0.015306 0.009961 0.118600
v 0.015306 0.009961 0.126600
v 0.015116 0.010116 0.118600
v 0.015116 0.010116 0.126600
v 0.014961 0.010306 0.118600
v 0.014961 0.010306 0.126600
v 0.014845 0.010522 0.118600
v 0.014845 0.010522 0.126600
v 0.014774 0.010756 0.118600
v 0.014774 0.010756 0.126600
v 0.014750 0.011000 0.118600
v 0.014750 0.011000 0.126600
v 0.014774 0.011244 0.118600
v 0.014774 0.011244 0.126600
v 0.014845 0.011478 0.118600
v 0.014845 0.011478 0.126600
v 0.014961 0.011694 0.118600
v 0.014961 0.011694 0.126600
v 0.015116 0.011884 0.118600
v 0.015116 0.011884 0.126600
v 0.015306 0.012039 0.118600
v 0.015306 0.012039 0.126600
v 0.015522 0.012155 0.118600
v 0.015522 0.012155 0.126600
v 0.015756 0.012226 0.118600
v 0.015756 0.012226 0.126600
vn 0.0980 0.9952 -0.0000
vn 0.2903 0.9569 -0.0000
vn 0.4714 0.8819 -0.0000
vn 0.6344 0.7730 -0.0000
vn 0.7730 0.6344 -0.0000
vn 0.8819 0.4714 -0.0000
vn 0.9569 0.2903 -0.0000
vn 0.9952 0.0980 -0.0000
vn 0.9952 -0.0980 -0.0000
vn 0.9569 -0.2903 -0.0000
vn 0.8819 -0.4714 -0.0000
vn 0.7730 -0.6344 -0.0000
vn 0.6344 -0.7730 -0.0000
vn 0.4714 -0.8819 -0.0000
vn 0.2903 -0.9569 -0.0000
vn 0.0980 -0.9952 -0.0000
vn -0.0980 -0.9952 -0.0000
vn -0.2903 -0.9569 -0.0000
vn -0.4714 -0.8819 -0.0000
vn -0.6344 -0.7730 -0.0000
vn -0.7730 -0.6344 -0.0000
vn -0.8819 -0.4714 -0.0000
vn -0.9569 -0.2903 -0.0000
vn -0.9952 -0.0980 -0.0000
vn -0.9952 0.0980 -0.0000
vn -0.9569 0.2903 -0.0000
vn -0.8819 0.4714 -0.0000
vn -0.7730 0.6344 -0.0000
vn -0.6344 0.7730 -0.0000
vn -0.4714 0.8819 -0.0000
vn -0.0000 -0.0000 1.0000
vn -0.2903 0.9569 -0.0000
vn -0.0980 0.9952 -0.0000
vn -0.0000 -0.0000 -1.0000
vt 1.000000 0.500000
vt 1.000000 1.000000
vt 0.968750 1.000000
vt 0.968750 0.500000
vt 0.937500 1.000000
vt 0.937500 0.500000
vt 0.906250 1.000000
vt 0.906250 0.500000
vt 0.875000 1.000000
vt 0.875000 0.500000
vt 0.843750 1.000000
vt 0.843750 0.500000
vt 0.812500 1.000000
vt 0.812500 0.500000
vt 0.781250 1.000000
vt 0.781250 0.500000
vt 0.750000 1.000000
vt 0.750000 0.500000
vt 0.718750 1.000000
vt 0.718750 0.500000
vt 0.687500 1.000000
vt 0.687500 0.500000
vt 0.656250 1.000000
vt 0.656250 0.500000
vt 0.625000 1.000000
vt 0.625000 0.500000
vt 0.593750 1.000000
vt 0.593750 0.500000
vt 0.562500 1.000000
vt 0.562500 0.500000
vt 0.531250 1.000000
vt 0.531250 0.500000
vt 0.500000 1.000000
vt 0.500000 0.500000
vt 0.468750 1.000000
vt 0.468750 0.500000
vt 0.437500 1.000000
vt 0.437500 0.500000
vt 0.406250 1.000000
vt 0.406250 0.500000
vt 0.375000 1.000000
vt 0.375000 0.500000
vt 0.343750 1.000000
vt 0.343750 0.500000
vt 0.312500 1.000000
vt 0.312500 0.500000
vt 0.281250 1.000000
vt 0.281250 0.500000
vt 0.250000 1.000000
vt 0.250000 0.500000
vt 0.218750 1.000000
vt 0.218750 0.500000
vt 0.187500 1.000000
vt 0.187500 0.500000
vt 0.156250 1.000000
vt 0.156250 0.500000
vt 0.125000 1.000000
vt 0.125000 0.500000
vt 0.093750 1.000000
vt 0.093750 0.500000
vt 0.062500 1.000000
vt 0.062500 0.500000
vt 0.296822 0.485388
vt 0.250000 0.490000
vt 0.203178 0.485388
vt 0.158156 0.471731
vt 0.116663 0.449553
vt 0.080294 0.419706
vt 0.050447 0.383337
vt 0.028269 0.341844
vt 0.014612 0.296822
vt 0.010000 0.250000
vt 0.014612 0.203178
vt 0.028269 0.158156
vt 0.050447 0.116663
vt 0.080294 0.080294
vt 0.116663 0.050447
vt 0.158156 0.028269
vt 0.203178 0.014612
vt 0.250000 0.010000
vt 0.296822 0.014612
vt 0.341844 0.028269
vt 0.383337 0.050447
vt 0.419706 0.080294
vt 0.449553 0.116663
vt 0.471731 0.158156
vt 0.485388 0.203178
vt 0.490000 0.250000
vt 0.485388 0.296822
vt 0.471731 0.341844
vt 0.449553 0.383337
vt 0.419706 0.419706
vt 0.383337 0.449553
vt 0.341844 0.471731
vt 0.031250 1.000000
vt 0.031250 0.500000
vt 0.000000 1.000000
vt 0.000000 0.500000
vt 0.750000 0.490000
vt 0.796822 0.485388
vt 0.841844 0.471731
vt 0.883337 0.449553
vt 0.919706 0.419706
vt 0.949553 0.383337
vt 0.971731 0.341844
vt 0.985388 0.296822
vt 0.990000 0.250000
vt 0.985388 0.203178
vt 0.971731 0.158156
vt 0.949553 0.116663
vt 0.919706 0.080294
vt 0.883337 0.050447
vt 0.841844 0.028269
vt 0.796822 0.014612
vt 0.750000 0.010000
vt 0.703178 0.014612
vt 0.658156 0.028269
vt 0.616663 0.050447
vt 0.580294 0.080294
vt 0.550447 0.116663
vt 0.528269 0.158156
vt 0.514612 0.203178
vt 0.510000 0.250000
vt 0.514612 0.296822
vt 0.528269 0.341844
vt 0.550447 0.383337
vt 0.580294 0.419706
vt 0.616663 0.449553
vt 0.658156 0.471731
vt 0.703178 0.485388
s 0
usemtl Standoff_Steel
f 489/981/269 490/982/269 492/983/269 491/984/269
f 491/984/270 492/983/270 494/985/270 493/986/270
f 493/986/271 494/985/271 496/987/271 495/988/271
f 495/988/272 496/987/272 498/989/272 497/990/272
f 497/990/273 498/989/273 500/991/273 499/992/273
f 499/992/274 500/991/274 502/993/274 501/994/274
f 501/994/275 502/993/275 504/995/275 503/996/275
f 503/996/276 504/995/276 506/997/276 505/998/276
f 505/998/277 506/997/277 508/999/277 507/1000/277
f 507/1000/278 508/999/278 510/1001/278 509/1002/278
f 509/1002/279 510/1001/279 512/1003/279 511/1004/279
f 511/1004/280 512/1003/280 514/1005/280 513/1006/280
f 513/1006/281 514/1005/281 516/1007/281 515/1008/281
f 515/1008/282 516/1007/282 518/1009/282 517/1010/282
f 517/1010/283 518/1009/283 520/1011/283 519/1012/283
f 519/1012/284 520/1011/284 522/1013/284 521/1014/284
f 521/1014/285 522/1013/285 524/1015/285 523/1016/285
f 523/1016/286 524/1015/286 526/1017/286 525/1018/286
f 525/1018/287 526/1017/287 528/1019/287 527/1020/287
f 527/1020/288 528/1019/288 530/1021/288 529/1022/288
f 529/1022/289 530/1021/289 532/1023/289 531/1024/289
f 531/1024/290 532/1023/290 534/1025/290 533/1026/290
f 533/1026/291 534/1025/291 536/1027/291 535/1028/291
f 535/1028/292 536/1027/292 538/1029/292 537/1030/292
f 537/1030/293 538/1029/293 540/1031/293 539/1032/293
f 539/1032/294 540/1031/294 542/1033/294 541/1034/294
f 541/1034/295 542/1033/295 544/1035/295 543/1036/295
f 543/1036/296 544/1035/296 546/1037/296 545/1038/296
f 545/1038/297 546/1037/297 548/1039/297 547/1040/297
f 547/1040/298 548/1039/298 550/1041/298 549/1042/298
f 492/1043/299 490/1044/299 552/1045/299 550/1046/299 548/1047/299 546/1048/299 544/1049/299 542/1050/299 540/1051/299 538/1052/299 536/1053/299 534/1054/299 532/1055/299 530/1056/299 528/1057/299 526/1058/299 524/1059/299 522/1060/299 520/1061/299 518/1062/299 516/1063/299 514/1064/299 512/1065/299 510/1066/299 508/1067/299 506/1068/299 504/1069/299 502/1070/299 500/1071/299 498/1072/299 496/1073/299 494/1074/299
f 549/1042/300 550/1041/300 552/1075/300 551/1076/300
f 551/1076/301 552/1075/301 490/1077/301 489/1078/301
f 489/1079/302 491/1080/302 493/1081/302 495/1082/302 497/1083/302 499/1084/302 501/1085/302 503/1086/302 505/1087/302 507/1088/302 509/1089/302 511/1090/302 513/1091/302 515/1092/302 517/1093/302 519/1094/302 521/1095/302 523/1096/302 525/1097/302 527/1098/302 529/1099/302 531/1100/302 533/1101/302 535/1102/302 537/1103/302 539/1104/302 541/1105/302 543/1106/302 545/1107/302 547/1108/302 549/1109/302 551/1110/302
o STS3032_Hip_Left
v -0.042000 -0.016000 0.085750
v -0.042000 -0.016000 0.113250
v -0.042000 0.016000 0.085750
v -0.042000 0.016000 0.113250
v -0.030000 -0.016000 0.085750
v -0.030000 -0.016000 0.113250
v -0.030000 0.016000 0.085750
v -0.030000 0.016000 0.113250
vn -1.0000 -0.0000 -0.0000
vn -0.0000 1.0000 -0.0000
vn 1.0000 -0.0000 -0.0000
vn -0.0000 -1.0000 -0.0000
vn -0.0000 -0.0000 -1.0000
vn -0.0000 -0.0000 1.0000
vt 0.375000 0.000000
vt 0.625000 0.000000
vt 0.625000 0.250000
vt 0.375000 0.250000
vt 0.625000 0.500000
vt 0.375000 0.500000
vt 0.625000 0.750000
vt 0.375000 0.750000
vt 0.625000 1.000000
vt 0.375000 1.000000
vt 0.125000 0.500000
vt 0.125000 0.750000
vt 0.875000 0.500000
vt 0.875000 0.750000
s 0
usemtl Servo_Matte_Black
f 553/1111/303 554/1112/303 556/1113/303 555/1114/303
f 555/1114/304 556/1113/304 560/1115/304 559/1116/304
f 559/1116/305 560/1115/305 558/1117/305 557/1118/305
f 557/1118/306 558/1117/306 554/1119/306 553/1120/306
f 555/1121/307 559/1116/307 557/1118/307 553/1122/307
f 560/1115/308 556/1123/308 554/1124/308 558/1117/308
o STS3032_Hip_Left_Horn
v -0.044000 0.005000 0.099500
v -0.042000 0.005000 0.099500
v -0.044000 0.004904 0.098525
v -0.042000 0.004904 0.098525
v -0.044000 0.004619 0.097587
v -0.042000 0.004619 0.097587
v -0.044000 0.004157 0.096722
v -0.042000 0.004157 0.096722
v -0.044000 0.003536 0.095964
v -0.042000 0.003536 0.095964
v -0.044000 0.002778 0.095343
v -0.042000 0.002778 0.095343
v -0.044000 0.001913 0.094881
v -0.042000 0.001913 0.094881
v -0.044000 0.000975 0.094596
v -0.042000 0.000975 0.094596
v -0.044000 0.000000 0.094500
v -0.042000 0.000000 0.094500
v -0.044000 -0.000975 0.094596
v -0.042000 -0.000975 0.094596
v -0.044000 -0.001913 0.094881
v -0.042000 -0.001913 0.094881
v -0.044000 -0.002778 0.095343
v -0.042000 -0.002778 0.095343
v -0.044000 -0.003536 0.095964
v -0.042000 -0.003536 0.095964
v -0.044000 -0.004157 0.096722
v -0.042000 -0.004157 0.096722
v -0.044000 -0.004619 0.097587
v -0.042000 -0.004619 0.097587
v -0.044000 -0.004904 0.098525
v -0.042000 -0.004904 0.098525
v -0.044000 -0.005000 0.099500
v -0.042000 -0.005000 0.099500
v -0.044000 -0.004904 0.100475
v -0.042000 -0.004904 0.100475
v -0.044000 -0.004619 0.101413
v -0.042000 -0.004619 0.101413
v -0.044000 -0.004157 0.102278
v -0.042000 -0.004157 0.102278
v -0.044000 -0.003536 0.103036
v -0.042000 -0.003536 0.103036
v -0.044000 -0.002778 0.103657
v -0.042000 -0.002778 0.103657
v -0.044000 -0.001913 0.104119
v -0.042000 -0.001913 0.104119
v -0.044000 -0.000975 0.104404
v -0.042000 -0.000975 0.104404
v -0.044000 0.000000 0.104500
v -0.042000 0.000000 0.104500
v -0.044000 0.000975 0.104404
v -0.042000 0.000975 0.104404
v -0.044000 0.001913 0.104119
v -0.042000 0.001913 0.104119
v -0.044000 0.002778 0.103657
v -0.042000 0.002778 0.103657
v -0.044000 0.003536 0.103036
v -0.042000 0.003536 0.103036
v -0.044000 0.004157 0.102278
v -0.042000 0.004157 0.102278
v -0.044000 0.004619 0.101413
v -0.042000 0.004619 0.101413
v -0.044000 0.004904 0.100475
v -0.042000 0.004904 0.100475
vn -0.0000 0.9952 -0.0980
vn -0.0000 0.9569 -0.2903
vn -0.0000 0.8819 -0.4714
vn -0.0000 0.7730 -0.6344
vn -0.0000 0.6344 -0.7730
vn -0.0000 0.4714 -0.8819
vn -0.0000 0.2903 -0.9569
vn -0.0000 0.0980 -0.9952
vn -0.0000 -0.0980 -0.9952
vn -0.0000 -0.2903 -0.9569
vn -0.0000 -0.4714 -0.8819
vn -0.0000 -0.6344 -0.7730
vn -0.0000 -0.7730 -0.6344
vn -0.0000 -0.8819 -0.4714
vn -0.0000 -0.9569 -0.2903
vn -0.0000 -0.9952 -0.0980
vn -0.0000 -0.9952 0.0980
vn -0.0000 -0.9569 0.2903
vn -0.0000 -0.8819 0.4714
vn -0.0000 -0.7730 0.6344
vn -0.0000 -0.6344 0.7730
vn -0.0000 -0.4714 0.8819
vn -0.0000 -0.2903 0.9569
vn -0.0000 -0.0980 0.9952
vn -0.0000 0.0980 0.9952
vn -0.0000 0.2903 0.9569
vn -0.0000 0.4714 0.8819
vn -0.0000 0.6344 0.7730
vn -0.0000 0.7730 0.6344
vn -0.0000 0.8819 0.4714
vn 1.0000 -0.0000 -0.0000
vn -0.0000 0.9569 0.2903
vn -0.0000 0.9952 0.0980
vn -1.0000 -0.0000 -0.0000
vt 1.000000 0.500000
vt 1.000000 1.000000
vt 0.968750 1.000000
vt 0.968750 0.500000
vt 0.937500 1.000000
vt 0.937500 0.500000
vt 0.906250 1.000000
vt 0.906250 0.500000
vt 0.875000 1.000000
vt 0.875000 0.500000
vt 0.843750 1.000000
vt 0.843750 0.500000
vt 0.812500 1.000000
vt 0.812500 0.500000
vt 0.781250 1.000000
vt 0.781250 0.500000
vt 0.750000 1.000000
vt 0.750000 0.500000
vt 0.718750 1.000000
vt 0.718750 0.500000
vt 0.687500 1.000000
vt 0.687500 0.500000
vt 0.656250 1.000000
vt 0.656250 0.500000
vt 0.625000 1.000000
vt 0.625000 0.500000
vt 0.593750 1.000000
vt 0.593750 0.500000
vt 0.562500 1.000000
vt 0.562500 0.500000
vt 0.531250 1.000000
vt 0.531250 0.500000
vt 0.500000 1.000000
vt 0.500000 0.500000
vt 0.468750 1.000000
vt 0.468750 0.500000
vt 0.437500 1.000000
vt 0.437500 0.500000
vt 0.406250 1.000000
vt 0.406250 0.500000
vt 0.375000 1.000000
vt 0.375000 0.500000
vt 0.343750 1.000000
vt 0.343750 0.500000
vt 0.312500 1.000000
vt 0.312500 0.500000
vt 0.281250 1.000000
vt 0.281250 0.500000
vt 0.250000 1.000000
vt 0.250000 0.500000
vt 0.218750 1.000000
vt 0.218750 0.500000
vt 0.187500 1.000000
vt 0.187500 0.500000
vt 0.156250 1.000000
vt 0.156250 0.500000
vt 0.125000 1.000000
vt 0.125000 0.500000
vt 0.093750 1.000000
vt 0.093750 0.500000
vt 0.062500 1.000000
vt 0.062500 0.500000
vt 0.296822 0.485388
vt 0.250000 0.490000
vt 0.203178 0.485388
vt 0.158156 0.471731
vt 0.116663 0.449553
vt 0.080294 0.419706
vt 0.050447 0.383337
vt 0.028269 0.341844
vt 0.014612 0.296822
vt 0.010000 0.250000
vt 0.014612 0.203178
vt 0.028269 0.158156
vt 0.050447 0.116663
vt 0.080294 0.080294
vt 0.116663 0.050447
vt 0.158156 0.028269
vt 0.203178 0.014612
vt 0.250000 0.010000
vt 0.296822 0.014612
vt 0.341844 0.028269
vt 0.383337 0.050447
vt 0.419706 0.080294
vt 0.449553 0.116663
vt 0.471731 0.158156
vt 0.485388 0.203178
vt 0.490000 0.250000
vt 0.485388 0.296822
vt 0.471731 0.341844
vt 0.449553 0.383337
vt 0.419706 0.419706
vt 0.383337 0.449553
vt 0.341844 0.471731
vt 0.031250 1.000000
vt 0.031250 0.500000
vt 0.000000 1.000000
vt 0.000000 0.500000
vt 0.750000 0.490000
vt 0.796822 0.485388
vt 0.841844 0.471731
vt 0.883337 0.449553
vt 0.919706 0.419706
vt 0.949553 0.383337
vt 0.971731 0.341844
vt 0.985388 0.296822
vt 0.990000 0.250000
vt 0.985388 0.203178
vt 0.971731 0.158156
vt 0.949553 0.116663
vt 0.919706 0.080294
vt 0.883337 0.050447
vt 0.841844 0.028269
vt 0.796822 0.014612
vt 0.750000 0.010000
vt 0.703178 0.014612
vt 0.658156 0.028269
vt 0.616663 0.050447
vt 0.580294 0.080294
vt 0.550447 0.116663
vt 0.528269 0.158156
vt 0.514612 0.203178
vt 0.510000 0.250000
vt 0.514612 0.296822
vt 0.528269 0.341844
vt 0.550447 0.383337
vt 0.580294 0.419706
vt 0.616663 0.449553
vt 0.658156 0.471731
vt 0.703178 0.485388
s 0
usemtl Servo_Horn_Accent
f 561/1125/309 562/1126/309 564/1127/309 563/1128/309
f 563/1128/310 564/1127/310 566/1129/310 565/1130/310
f 565/1130/311 566/1129/311 568/1131/311 567/1132/311
f 567/1132/312 568/1131/312 570/1133/312 569/1134/312
f 569/1134/313 570/1133/313 572/1135/313 571/1136/313
f 571/1136/314 572/1135/314 574/1137/314 573/1138/314
f 573/1138/315 574/1137/315 576/1139/315 575/1140/315
f 575/1140/316 576/1139/316 578/1141/316 577/1142/316
f 577/1142/317 578/1141/317 580/1143/317 579/1144/317
f 579/1144/318 580/1143/318 582/1145/318 581/1146/318
f 581/1146/319 582/1145/319 584/1147/319 583/1148/319
f 583/1148/320 584/1147/320 586/1149/320 585/1150/320
f 585/1150/321 586/1149/321 588/1151/321 587/1152/321
f 587/1152/322 588/1151/322 590/1153/322 589/1154/322
f 589/1154/323 590/1153/323 592/1155/323 591/1156/323
f 591/1156/324 592/1155/324 594/1157/324 593/1158/324
f 593/1158/325 594/1157/325 596/1159/325 595/1160/325
f 595/1160/326 596/1159/326 598/1161/326 597/1162/326
f 597/1162/327 598/1161/327 600/1163/327 599/1164/327
f 599/1164/328 600/1163/328 602/1165/328 601/1166/328
f 601/1166/329 602/1165/329 604/1167/329 603/1168/329
f 603/1168/330 604/1167/330 606/1169/330 605/1170/330
f 605/1170/331 606/1169/331 608/1171/331 607/1172/331
f 607/1172/332 608/1171/332 610/1173/332 609/1174/332
f 609/1174/333 610/1173/333 612/1175/333 611/1176/333
f 611/1176/334 612/1175/334 614/1177/334 613/1178/334
f 613/1178/335 614/1177/335 616/1179/335 615/1180/335
f 615/1180/336 616/1179/336 618/1181/336 617/1182/336
f 617/1182/337 618/1181/337 620/1183/337 619/1184/337
f 619/1184/338 620/1183/338 622/1185/338 621/1186/338
f 564/1187/339 562/1188/339 624/1189/339 622/1190/339 620/1191/339 618/1192/339 616/1193/339 614/1194/339 612/1195/339 610/1196/339 608/1197/339 606/1198/339 604/1199/339 602/1200/339 600/1201/339 598/1202/339 596/1203/339 594/1204/339 592/1205/339 590/1206/339 588/1207/339 586/1208/339 584/1209/339 582/1210/339 580/1211/339 578/1212/339 576/1213/339 574/1214/339 572/1215/339 570/1216/339 568/1217/339 566/1218/339
f 621/1186/340 622/1185/340 624/1219/340 623/1220/340
f 623/1220/341 624/1219/341 562/1221/341 561/1222/341
f 561/1223/342 563/1224/342 565/1225/342 567/1226/342 569/1227/342 571/1228/342 573/1229/342 575/1230/342 577/1231/342 579/1232/342 581/1233/342 583/1234/342 585/1235/342 587/1236/342 589/1237/342 591/1238/342 593/1239/342 595/1240/342 597/1241/342 599/1242/342 601/1243/342 603/1244/342 605/1245/342 607/1246/342 609/1247/342 611/1248/342 613/1249/342 615/1250/342 617/1251/342 619/1252/342 621/1253/342 623/1254/342
o Leg_Link_Left
v -0.045000 -0.006000 0.049500
v -0.045000 -0.006000 0.099500
v -0.045000 0.006000 0.049500
v -0.045000 0.006000 0.099500
v -0.039000 -0.006000 0.049500
v -0.039000 -0.006000 0.099500
v -0.039000 0.006000 0.049500
v -0.039000 0.006000 0.099500
vn -1.0000 -0.0000 -0.0000
vn -0.0000 1.0000 -0.0000
vn 1.0000 -0.0000 -0.0000
vn -0.0000 -1.0000 -0.0000
vn -0.0000 -0.0000 -1.0000
vn -0.0000 -0.0000 1.0000
vt 0.375000 0.000000
vt 0.625000 0.000000
vt 0.625000 0.250000
vt 0.375000 0.250000
vt 0.625000 0.500000
vt 0.375000 0.500000
vt 0.625000 0.750000
vt 0.375000 0.750000
vt 0.625000 1.000000
vt 0.375000 1.000000
vt 0.125000 0.500000
vt 0.125000 0.750000
vt 0.875000 0.500000
vt 0.875000 0.750000
s 0
usemtl Leg_Link_Bracket
f 625/1255/343 626/1256/343 628/1257/343 627/1258/343
f 627/1258/344 628/1257/344 632/1259/344 631/1260/344
f 631/1260/345 632/1259/345 630/1261/345 629/1262/345
f 629/1262/346 630/1261/346 626/1263/346 625/1264/346
f 627/1265/347 631/1260/347 629/1262/347 625/1266/347
f 632/1259/348 628/1267/348 626/1268/348 630/1261/348
o XL330_Wheel_Left
v -0.055000 -0.010000 0.015500
v -0.055000 -0.010000 0.049500
v -0.055000 0.010000 0.015500
v -0.055000 0.010000 0.049500
v -0.029000 -0.010000 0.015500
v -0.029000 -0.010000 0.049500
v -0.029000 0.010000 0.015500
v -0.029000 0.010000 0.049500
vn -1.0000 -0.0000 -0.0000
vn -0.0000 1.0000 -0.0000
vn 1.0000 -0.0000 -0.0000
vn -0.0000 -1.0000 -0.0000
vn -0.0000 -0.0000 -1.0000
vn -0.0000 -0.0000 1.0000
vt 0.375000 0.000000
vt 0.625000 0.000000
vt 0.625000 0.250000
vt 0.375000 0.250000
vt 0.625000 0.500000
vt 0.375000 0.500000
vt 0.625000 0.750000
vt 0.375000 0.750000
vt 0.625000 1.000000
vt 0.375000 1.000000
vt 0.125000 0.500000
vt 0.125000 0.750000
vt 0.875000 0.500000
vt 0.875000 0.750000
s 0
usemtl Servo_Matte_Black
f 633/1269/349 634/1270/349 636/1271/349 635/1272/349
f 635/1272/350 636/1271/350 640/1273/350 639/1274/350
f 639/1274/351 640/1273/351 638/1275/351 637/1276/351
f 637/1276/352 638/1275/352 634/1277/352 633/1278/352
f 635/1279/353 639/1274/353 637/1276/353 633/1280/353
f 640/1273/354 636/1281/354 634/1282/354 638/1275/354
o Wheel_Left
v -0.063000 0.032500 0.032500
v -0.055000 0.032500 0.032500
v -0.063000 0.031876 0.026160
v -0.055000 0.031876 0.026160
v -0.063000 0.030026 0.020063
v -0.055000 0.030026 0.020063
v -0.063000 0.027023 0.014444
v -0.055000 0.027023 0.014444
v -0.063000 0.022981 0.009519
v -0.055000 0.022981 0.009519
v -0.063000 0.018056 0.005477
v -0.055000 0.018056 0.005477
v -0.063000 0.012437 0.002474
v -0.055000 0.012437 0.002474
v -0.063000 0.006340 0.000624
v -0.055000 0.006340 0.000624
v -0.063000 0.000000 0.000000
v -0.055000 0.000000 0.000000
v -0.063000 -0.006340 0.000624
v -0.055000 -0.006340 0.000624
v -0.063000 -0.012437 0.002474
v -0.055000 -0.012437 0.002474
v -0.063000 -0.018056 0.005477
v -0.055000 -0.018056 0.005477
v -0.063000 -0.022981 0.009519
v -0.055000 -0.022981 0.009519
v -0.063000 -0.027023 0.014444
v -0.055000 -0.027023 0.014444
v -0.063000 -0.030026 0.020063
v -0.055000 -0.030026 0.020063
v -0.063000 -0.031876 0.026160
v -0.055000 -0.031876 0.026160
v -0.063000 -0.032500 0.032500
v -0.055000 -0.032500 0.032500
v -0.063000 -0.031876 0.038840
v -0.055000 -0.031876 0.038840
v -0.063000 -0.030026 0.044937
v -0.055000 -0.030026 0.044937
v -0.063000 -0.027023 0.050556
v -0.055000 -0.027023 0.050556
v -0.063000 -0.022981 0.055481
v -0.055000 -0.022981 0.055481
v -0.063000 -0.018056 0.059523
v -0.055000 -0.018056 0.059523
v -0.063000 -0.012437 0.062526
v -0.055000 -0.012437 0.062526
v -0.063000 -0.006340 0.064376
v -0.055000 -0.006340 0.064376
v -0.063000 0.000000 0.065000
v -0.055000 0.000000 0.065000
v -0.063000 0.006340 0.064376
v -0.055000 0.006340 0.064376
v -0.063000 0.012437 0.062526
v -0.055000 0.012437 0.062526
v -0.063000 0.018056 0.059523
v -0.055000 0.018056 0.059523
v -0.063000 0.022981 0.055481
v -0.055000 0.022981 0.055481
v -0.063000 0.027023 0.050556
v -0.055000 0.027023 0.050556
v -0.063000 0.030026 0.044937
v -0.055000 0.030026 0.044937
v -0.063000 0.031876 0.038840
v -0.055000 0.031876 0.038840
vn -0.0000 0.9952 -0.0980
vn -0.0000 0.9569 -0.2903
vn -0.0000 0.8819 -0.4714
vn -0.0000 0.7730 -0.6344
vn -0.0000 0.6344 -0.7730
vn -0.0000 0.4714 -0.8819
vn -0.0000 0.2903 -0.9569
vn -0.0000 0.0980 -0.9952
vn -0.0000 -0.0980 -0.9952
vn -0.0000 -0.2903 -0.9569
vn -0.0000 -0.4714 -0.8819
vn -0.0000 -0.6344 -0.7730
vn -0.0000 -0.7730 -0.6344
vn -0.0000 -0.8819 -0.4714
vn -0.0000 -0.9569 -0.2903
vn -0.0000 -0.9952 -0.0980
vn -0.0000 -0.9952 0.0980
vn -0.0000 -0.9569 0.2903
vn -0.0000 -0.8819 0.4714
vn -0.0000 -0.7730 0.6344
vn -0.0000 -0.6344 0.7730
vn -0.0000 -0.4714 0.8819
vn -0.0000 -0.2903 0.9569
vn -0.0000 -0.0980 0.9952
vn -0.0000 0.0980 0.9952
vn -0.0000 0.2903 0.9569
vn -0.0000 0.4714 0.8819
vn -0.0000 0.6344 0.7730
vn -0.0000 0.7730 0.6344
vn -0.0000 0.8819 0.4714
vn 1.0000 -0.0000 -0.0000
vn -0.0000 0.9569 0.2903
vn -0.0000 0.9952 0.0980
vn -1.0000 -0.0000 -0.0000
vt 1.000000 0.500000
vt 1.000000 1.000000
vt 0.968750 1.000000
vt 0.968750 0.500000
vt 0.937500 1.000000
vt 0.937500 0.500000
vt 0.906250 1.000000
vt 0.906250 0.500000
vt 0.875000 1.000000
vt 0.875000 0.500000
vt 0.843750 1.000000
vt 0.843750 0.500000
vt 0.812500 1.000000
vt 0.812500 0.500000
vt 0.781250 1.000000
vt 0.781250 0.500000
vt 0.750000 1.000000
vt 0.750000 0.500000
vt 0.718750 1.000000
vt 0.718750 0.500000
vt 0.687500 1.000000
vt 0.687500 0.500000
vt 0.656250 1.000000
vt 0.656250 0.500000
vt 0.625000 1.000000
vt 0.625000 0.500000
vt 0.593750 1.000000
vt 0.593750 0.500000
vt 0.562500 1.000000
vt 0.562500 0.500000
vt 0.531250 1.000000
vt 0.531250 0.500000
vt 0.500000 1.000000
vt 0.500000 0.500000
vt 0.468750 1.000000
vt 0.468750 0.500000
vt 0.437500 1.000000
vt 0.437500 0.500000
vt 0.406250 1.000000
vt 0.406250 0.500000
vt 0.375000 1.000000
vt 0.375000 0.500000
vt 0.343750 1.000000
vt 0.343750 0.500000
vt 0.312500 1.000000
vt 0.312500 0.500000
vt 0.281250 1.000000
vt 0.281250 0.500000
vt 0.250000 1.000000
vt 0.250000 0.500000
vt 0.218750 1.000000
vt 0.218750 0.500000
vt 0.187500 1.000000
vt 0.187500 0.500000
vt 0.156250 1.000000
vt 0.156250 0.500000
vt 0.125000 1.000000
vt 0.125000 0.500000
vt 0.093750 1.000000
vt 0.093750 0.500000
vt 0.062500 1.000000
vt 0.062500 0.500000
vt 0.296822 0.485388
vt 0.250000 0.490000
vt 0.203178 0.485388
vt 0.158156 0.471731
vt 0.116663 0.449553
vt 0.080294 0.419706
vt 0.050447 0.383337
vt 0.028269 0.341844
vt 0.014612 0.296822
vt 0.010000 0.250000
vt 0.014612 0.203178
vt 0.028269 0.158156
vt 0.050447 0.116663
vt 0.080294 0.080294
vt 0.116663 0.050447
vt 0.158156 0.028269
vt 0.203178 0.014612
vt 0.250000 0.010000
vt 0.296822 0.014612
vt 0.341844 0.028269
vt 0.383337 0.050447
vt 0.419706 0.080294
vt 0.449553 0.116663
vt 0.471731 0.158156
vt 0.485388 0.203178
vt 0.490000 0.250000
vt 0.485388 0.296822
vt 0.471731 0.341844
vt 0.449553 0.383337
vt 0.419706 0.419706
vt 0.383337 0.449553
vt 0.341844 0.471731
vt 0.031250 1.000000
vt 0.031250 0.500000
vt 0.000000 1.000000
vt 0.000000 0.500000
vt 0.750000 0.490000
vt 0.796822 0.485388
vt 0.841844 0.471731
vt 0.883337 0.449553
vt 0.919706 0.419706
vt 0.949553 0.383337
vt 0.971731 0.341844
vt 0.985388 0.296822
vt 0.990000 0.250000
vt 0.985388 0.203178
vt 0.971731 0.158156
vt 0.949553 0.116663
vt 0.919706 0.080294
vt 0.883337 0.050447
vt 0.841844 0.028269
vt 0.796822 0.014612
vt 0.750000 0.010000
vt 0.703178 0.014612
vt 0.658156 0.028269
vt 0.616663 0.050447
vt 0.580294 0.080294
vt 0.550447 0.116663
vt 0.528269 0.158156
vt 0.514612 0.203178
vt 0.510000 0.250000
vt 0.514612 0.296822
vt 0.528269 0.341844
vt 0.550447 0.383337
vt 0.580294 0.419706
vt 0.616663 0.449553
vt 0.658156 0.471731
vt 0.703178 0.485388
s 0
usemtl Wheel_Tire
f 641/1283/355 642/1284/355 644/1285/355 643/1286/355
f 643/1286/356 644/1285/356 646/1287/356 645/1288/356
f 645/1288/357 646/1287/357 648/1289/357 647/1290/357
f 647/1290/358 648/1289/358 650/1291/358 649/1292/358
f 649/1292/359 650/1291/359 652/1293/359 651/1294/359
f 651/1294/360 652/1293/360 654/1295/360 653/1296/360
f 653/1296/361 654/1295/361 656/1297/361 655/1298/361
f 655/1298/362 656/1297/362 658/1299/362 657/1300/362
f 657/1300/363 658/1299/363 660/1301/363 659/1302/363
f 659/1302/364 660/1301/364 662/1303/364 661/1304/364
f 661/1304/365 662/1303/365 664/1305/365 663/1306/365
f 663/1306/366 664/1305/366 666/1307/366 665/1308/366
f 665/1308/367 666/1307/367 668/1309/367 667/1310/367
f 667/1310/368 668/1309/368 670/1311/368 669/1312/368
f 669/1312/369 670/1311/369 672/1313/369 671/1314/369
f 671/1314/370 672/1313/370 674/1315/370 673/1316/370
f 673/1316/371 674/1315/371 676/1317/371 675/1318/371
f 675/1318/372 676/1317/372 678/1319/372 677/1320/372
f 677/1320/373 678/1319/373 680/1321/373 679/1322/373
f 679/1322/374 680/1321/374 682/1323/374 681/1324/374
f 681/1324/375 682/1323/375 684/1325/375 683/1326/375
f 683/1326/376 684/1325/376 686/1327/376 685/1328/376
f 685/1328/377 686/1327/377 688/1329/377 687/1330/377
f 687/1330/378 688/1329/378 690/1331/378 689/1332/378
f 689/1332/379 690/1331/379 692/1333/379 691/1334/379
f 691/1334/380 692/1333/380 694/1335/380 693/1336/380
f 693/1336/381 694/1335/381 696/1337/381 695/1338/381
f 695/1338/382 696/1337/382 698/1339/382 697/1340/382
f 697/1340/383 698/1339/383 700/1341/383 699/1342/383
f 699/1342/384 700/1341/384 702/1343/384 701/1344/384
f 644/1345/385 642/1346/385 704/1347/385 702/1348/385 700/1349/385 698/1350/385 696/1351/385 694/1352/385 692/1353/385 690/1354/385 688/1355/385 686/1356/385 684/1357/385 682/1358/385 680/1359/385 678/1360/385 676/1361/385 674/1362/385 672/1363/385 670/1364/385 668/1365/385 666/1366/385 664/1367/385 662/1368/385 660/1369/385 658/1370/385 656/1371/385 654/1372/385 652/1373/385 650/1374/385 648/1375/385 646/1376/385
f 701/1344/386 702/1343/386 704/1377/386 703/1378/386
f 703/1378/387 704/1377/387 642/1379/387 641/1380/387
f 641/1381/388 643/1382/388 645/1383/388 647/1384/388 649/1385/388 651/1386/388 653/1387/388 655/1388/388 657/1389/388 659/1390/388 661/1391/388 663/1392/388 665/1393/388 667/1394/388 669/1395/388 671/1396/388 673/1397/388 675/1398/388 677/1399/388 679/1400/388 681/1401/388 683/1402/388 685/1403/388 687/1404/388 689/1405/388 691/1406/388 693/1407/388 695/1408/388 697/1409/388 699/1410/388 701/1411/388 703/1412/388
o STS3032_Hip_Right
v 0.030000 -0.016000 0.085750
v 0.030000 -0.016000 0.113250
v 0.030000 0.016000 0.085750
v 0.030000 0.016000 0.113250
v 0.042000 -0.016000 0.085750
v 0.042000 -0.016000 0.113250
v 0.042000 0.016000 0.085750
v 0.042000 0.016000 0.113250
vn -1.0000 -0.0000 -0.0000
vn -0.0000 1.0000 -0.0000
vn 1.0000 -0.0000 -0.0000
vn -0.0000 -1.0000 -0.0000
vn -0.0000 -0.0000 -1.0000
vn -0.0000 -0.0000 1.0000
vt 0.375000 0.000000
vt 0.625000 0.000000
vt 0.625000 0.250000
vt 0.375000 0.250000
vt 0.625000 0.500000
vt 0.375000 0.500000
vt 0.625000 0.750000
vt 0.375000 0.750000
vt 0.625000 1.000000
vt 0.375000 1.000000
vt 0.125000 0.500000
vt 0.125000 0.750000
vt 0.875000 0.500000
vt 0.875000 0.750000
s 0
usemtl Servo_Matte_Black
f 705/1413/389 706/1414/389 708/1415/389 707/1416/389
f 707/1416/390 708/1415/390 712/1417/390 711/1418/390
f 711/1418/391 712/1417/391 710/1419/391 709/1420/391
f 709/1420/392 710/1419/392 706/1421/392 705/1422/392
f 707/1423/393 711/1418/393 709/1420/393 705/1424/393
f 712/1417/394 708/1425/394 706/1426/394 710/1419/394
o STS3032_Hip_Right_Horn
v 0.042000 0.005000 0.099500
v 0.044000 0.005000 0.099500
v 0.042000 0.004904 0.098525
v 0.044000 0.004904 0.098525
v 0.042000 0.004619 0.097587
v 0.044000 0.004619 0.097587
v 0.042000 0.004157 0.096722
v 0.044000 0.004157 0.096722
v 0.042000 0.003536 0.095964
v 0.044000 0.003536 0.095964
v 0.042000 0.002778 0.095343
v 0.044000 0.002778 0.095343
v 0.042000 0.001913 0.094881
v 0.044000 0.001913 0.094881
v 0.042000 0.000975 0.094596
v 0.044000 0.000975 0.094596
v 0.042000 0.000000 0.094500
v 0.044000 0.000000 0.094500
v 0.042000 -0.000975 0.094596
v 0.044000 -0.000975 0.094596
v 0.042000 -0.001913 0.094881
v 0.044000 -0.001913 0.094881
v 0.042000 -0.002778 0.095343
v 0.044000 -0.002778 0.095343
v 0.042000 -0.003536 0.095964
v 0.044000 -0.003536 0.095964
v 0.042000 -0.004157 0.096722
v 0.044000 -0.004157 0.096722
v 0.042000 -0.004619 0.097587
v 0.044000 -0.004619 0.097587
v 0.042000 -0.004904 0.098525
v 0.044000 -0.004904 0.098525
v 0.042000 -0.005000 0.099500
v 0.044000 -0.005000 0.099500
v 0.042000 -0.004904 0.100475
v 0.044000 -0.004904 0.100475
v 0.042000 -0.004619 0.101413
v 0.044000 -0.004619 0.101413
v 0.042000 -0.004157 0.102278
v 0.044000 -0.004157 0.102278
v 0.042000 -0.003536 0.103036
v 0.044000 -0.003536 0.103036
v 0.042000 -0.002778 0.103657
v 0.044000 -0.002778 0.103657
v 0.042000 -0.001913 0.104119
v 0.044000 -0.001913 0.104119
v 0.042000 -0.000975 0.104404
v 0.044000 -0.000975 0.104404
v 0.042000 0.000000 0.104500
v 0.044000 0.000000 0.104500
v 0.042000 0.000975 0.104404
v 0.044000 0.000975 0.104404
v 0.042000 0.001913 0.104119
v 0.044000 0.001913 0.104119
v 0.042000 0.002778 0.103657
v 0.044000 0.002778 0.103657
v 0.042000 0.003536 0.103036
v 0.044000 0.003536 0.103036
v 0.042000 0.004157 0.102278
v 0.044000 0.004157 0.102278
v 0.042000 0.004619 0.101413
v 0.044000 0.004619 0.101413
v 0.042000 0.004904 0.100475
v 0.044000 0.004904 0.100475
vn -0.0000 0.9952 -0.0980
vn -0.0000 0.9569 -0.2903
vn -0.0000 0.8819 -0.4714
vn -0.0000 0.7730 -0.6344
vn -0.0000 0.6344 -0.7730
vn -0.0000 0.4714 -0.8819
vn -0.0000 0.2903 -0.9569
vn -0.0000 0.0980 -0.9952
vn -0.0000 -0.0980 -0.9952
vn -0.0000 -0.2903 -0.9569
vn -0.0000 -0.4714 -0.8819
vn -0.0000 -0.6344 -0.7730
vn -0.0000 -0.7730 -0.6344
vn -0.0000 -0.8819 -0.4714
vn -0.0000 -0.9569 -0.2903
vn -0.0000 -0.9952 -0.0980
vn -0.0000 -0.9952 0.0980
vn -0.0000 -0.9569 0.2903
vn -0.0000 -0.8819 0.4714
vn -0.0000 -0.7730 0.6344
vn -0.0000 -0.6344 0.7730
vn -0.0000 -0.4714 0.8819
vn -0.0000 -0.2903 0.9569
vn -0.0000 -0.0980 0.9952
vn -0.0000 0.0980 0.9952
vn -0.0000 0.2903 0.9569
vn -0.0000 0.4714 0.8819
vn -0.0000 0.6344 0.7730
vn -0.0000 0.7730 0.6344
vn -0.0000 0.8819 0.4714
vn 1.0000 -0.0000 -0.0000
vn -0.0000 0.9569 0.2903
vn -0.0000 0.9952 0.0980
vn -1.0000 -0.0000 -0.0000
vt 1.000000 0.500000
vt 1.000000 1.000000
vt 0.968750 1.000000
vt 0.968750 0.500000
vt 0.937500 1.000000
vt 0.937500 0.500000
vt 0.906250 1.000000
vt 0.906250 0.500000
vt 0.875000 1.000000
vt 0.875000 0.500000
vt 0.843750 1.000000
vt 0.843750 0.500000
vt 0.812500 1.000000
vt 0.812500 0.500000
vt 0.781250 1.000000
vt 0.781250 0.500000
vt 0.750000 1.000000
vt 0.750000 0.500000
vt 0.718750 1.000000
vt 0.718750 0.500000
vt 0.687500 1.000000
vt 0.687500 0.500000
vt 0.656250 1.000000
vt 0.656250 0.500000
vt 0.625000 1.000000
vt 0.625000 0.500000
vt 0.593750 1.000000
vt 0.593750 0.500000
vt 0.562500 1.000000
vt 0.562500 0.500000
vt 0.531250 1.000000
vt 0.531250 0.500000
vt 0.500000 1.000000
vt 0.500000 0.500000
vt 0.468750 1.000000
vt 0.468750 0.500000
vt 0.437500 1.000000
vt 0.437500 0.500000
vt 0.406250 1.000000
vt 0.406250 0.500000
vt 0.375000 1.000000
vt 0.375000 0.500000
vt 0.343750 1.000000
vt 0.343750 0.500000
vt 0.312500 1.000000
vt 0.312500 0.500000
vt 0.281250 1.000000
vt 0.281250 0.500000
vt 0.250000 1.000000
vt 0.250000 0.500000
vt 0.218750 1.000000
vt 0.218750 0.500000
vt 0.187500 1.000000
vt 0.187500 0.500000
vt 0.156250 1.000000
vt 0.156250 0.500000
vt 0.125000 1.000000
vt 0.125000 0.500000
vt 0.093750 1.000000
vt 0.093750 0.500000
vt 0.062500 1.000000
vt 0.062500 0.500000
vt 0.296822 0.485388
vt 0.250000 0.490000
vt 0.203178 0.485388
vt 0.158156 0.471731
vt 0.116663 0.449553
vt 0.080294 0.419706
vt 0.050447 0.383337
vt 0.028269 0.341844
vt 0.014612 0.296822
vt 0.010000 0.250000
vt 0.014612 0.203178
vt 0.028269 0.158156
vt 0.050447 0.116663
vt 0.080294 0.080294
vt 0.116663 0.050447
vt 0.158156 0.028269
vt 0.203178 0.014612
vt 0.250000 0.010000
vt 0.296822 0.014612
vt 0.341844 0.028269
vt 0.383337 0.050447
vt 0.419706 0.080294
vt 0.449553 0.116663
vt 0.471731 0.158156
vt 0.485388 0.203178
vt 0.490000 0.250000
vt 0.485388 0.296822
vt 0.471731 0.341844
vt 0.449553 0.383337
vt 0.419706 0.419706
vt 0.383337 0.449553
vt 0.341844 0.471731
vt 0.031250 1.000000
vt 0.031250 0.500000
vt 0.000000 1.000000
vt 0.000000 0.500000
vt 0.750000 0.490000
vt 0.796822 0.485388
vt 0.841844 0.471731
vt 0.883337 0.449553
vt 0.919706 0.419706
vt 0.949553 0.383337
vt 0.971731 0.341844
vt 0.985388 0.296822
vt 0.990000 0.250000
vt 0.985388 0.203178
vt 0.971731 0.158156
vt 0.949553 0.116663
vt 0.919706 0.080294
vt 0.883337 0.050447
vt 0.841844 0.028269
vt 0.796822 0.014612
vt 0.750000 0.010000
vt 0.703178 0.014612
vt 0.658156 0.028269
vt 0.616663 0.050447
vt 0.580294 0.080294
vt 0.550447 0.116663
vt 0.528269 0.158156
vt 0.514612 0.203178
vt 0.510000 0.250000
vt 0.514612 0.296822
vt 0.528269 0.341844
vt 0.550447 0.383337
vt 0.580294 0.419706
vt 0.616663 0.449553
vt 0.658156 0.471731
vt 0.703178 0.485388
s 0
usemtl Servo_Horn_Accent
f 713/1427/395 714/1428/395 716/1429/395 715/1430/395
f 715/1430/396 716/1429/396 718/1431/396 717/1432/396
f 717/1432/397 718/1431/397 720/1433/397 719/1434/397
f 719/1434/398 720/1433/398 722/1435/398 721/1436/398
f 721/1436/399 722/1435/399 724/1437/399 723/1438/399
f 723/1438/400 724/1437/400 726/1439/400 725/1440/400
f 725/1440/401 726/1439/401 728/1441/401 727/1442/401
f 727/1442/402 728/1441/402 730/1443/402 729/1444/402
f 729/1444/403 730/1443/403 732/1445/403 731/1446/403
f 731/1446/404 732/1445/404 734/1447/404 733/1448/404
f 733/1448/405 734/1447/405 736/1449/405 735/1450/405
f 735/1450/406 736/1449/406 738/1451/406 737/1452/406
f 737/1452/407 738/1451/407 740/1453/407 739/1454/407
f 739/1454/408 740/1453/408 742/1455/408 741/1456/408
f 741/1456/409 742/1455/409 744/1457/409 743/1458/409
f 743/1458/410 744/1457/410 746/1459/410 745/1460/410
f 745/1460/411 746/1459/411 748/1461/411 747/1462/411
f 747/1462/412 748/1461/412 750/1463/412 749/1464/412
f 749/1464/413 750/1463/413 752/1465/413 751/1466/413
f 751/1466/414 752/1465/414 754/1467/414 753/1468/414
f 753/1468/415 754/1467/415 756/1469/415 755/1470/415
f 755/1470/416 756/1469/416 758/1471/416 757/1472/416
f 757/1472/417 758/1471/417 760/1473/417 759/1474/417
f 759/1474/418 760/1473/418 762/1475/418 761/1476/418
f 761/1476/419 762/1475/419 764/1477/419 763/1478/419
f 763/1478/420 764/1477/420 766/1479/420 765/1480/420
f 765/1480/421 766/1479/421 768/1481/421 767/1482/421
f 767/1482/422 768/1481/422 770/1483/422 769/1484/422
f 769/1484/423 770/1483/423 772/1485/423 771/1486/423
f 771/1486/424 772/1485/424 774/1487/424 773/1488/424
f 716/1489/425 714/1490/425 776/1491/425 774/1492/425 772/1493/425 770/1494/425 768/1495/425 766/1496/425 764/1497/425 762/1498/425 760/1499/425 758/1500/425 756/1501/425 754/1502/425 752/1503/425 750/1504/425 748/1505/425 746/1506/425 744/1507/425 742/1508/425 740/1509/425 738/1510/425 736/1511/425 734/1512/425 732/1513/425 730/1514/425 728/1515/425 726/1516/425 724/1517/425 722/1518/425 720/1519/425 718/1520/425
f 773/1488/426 774/1487/426 776/1521/426 775/1522/426
f 775/1522/427 776/1521/427 714/1523/427 713/1524/427
f 713/1525/428 715/1526/428 717/1527/428 719/1528/428 721/1529/428 723/1530/428 725/1531/428 727/1532/428 729/1533/428 731/1534/428 733/1535/428 735/1536/428 737/1537/428 739/1538/428 741/1539/428 743/1540/428 745/1541/428 747/1542/428 749/1543/428 751/1544/428 753/1545/428 755/1546/428 757/1547/428 759/1548/428 761/1549/428 763/1550/428 765/1551/428 767/1552/428 769/1553/428 771/1554/428 773/1555/428 775/1556/428
o Leg_Link_Right
v 0.039000 -0.006000 0.049500
v 0.039000 -0.006000 0.099500
v 0.039000 0.006000 0.049500
v 0.039000 0.006000 0.099500
v 0.045000 -0.006000 0.049500
v 0.045000 -0.006000 0.099500
v 0.045000 0.006000 0.049500
v 0.045000 0.006000 0.099500
vn -1.0000 -0.0000 -0.0000
vn -0.0000 1.0000 -0.0000
vn 1.0000 -0.0000 -0.0000
vn -0.0000 -1.0000 -0.0000
vn -0.0000 -0.0000 -1.0000
vn -0.0000 -0.0000 1.0000
vt 0.375000 0.000000
vt 0.625000 0.000000
vt 0.625000 0.250000
vt 0.375000 0.250000
vt 0.625000 0.500000
vt 0.375000 0.500000
vt 0.625000 0.750000
vt 0.375000 0.750000
vt 0.625000 1.000000
vt 0.375000 1.000000
vt 0.125000 0.500000
vt 0.125000 0.750000
vt 0.875000 0.500000
vt 0.875000 0.750000
s 0
usemtl Leg_Link_Bracket
f 777/1557/429 778/1558/429 780/1559/429 779/1560/429
f 779/1560/430 780/1559/430 784/1561/430 783/1562/430
f 783/1562/431 784/1561/431 782/1563/431 781/1564/431
f 781/1564/432 782/1563/432 778/1565/432 777/1566/432
f 779/1567/433 783/1562/433 781/1564/433 777/1568/433
f 784/1561/434 780/1569/434 778/1570/434 782/1563/434
o XL330_Wheel_Right
v 0.029000 -0.010000 0.015500
v 0.029000 -0.010000 0.049500
v 0.029000 0.010000 0.015500
v 0.029000 0.010000 0.049500
v 0.055000 -0.010000 0.015500
v 0.055000 -0.010000 0.049500
v 0.055000 0.010000 0.015500
v 0.055000 0.010000 0.049500
vn -1.0000 -0.0000 -0.0000
vn -0.0000 1.0000 -0.0000
vn 1.0000 -0.0000 -0.0000
vn -0.0000 -1.0000 -0.0000
vn -0.0000 -0.0000 -1.0000
vn -0.0000 -0.0000 1.0000
vt 0.375000 0.000000
vt 0.625000 0.000000
vt 0.625000 0.250000
vt 0.375000 0.250000
vt 0.625000 0.500000
vt 0.375000 0.500000
vt 0.625000 0.750000
vt 0.375000 0.750000
vt 0.625000 1.000000
vt 0.375000 1.000000
vt 0.125000 0.500000
vt 0.125000 0.750000
vt 0.875000 0.500000
vt 0.875000 0.750000
s 0
usemtl Servo_Matte_Black
f 785/1571/435 786/1572/435 788/1573/435 787/1574/435
f 787/1574/436 788/1573/436 792/1575/436 791/1576/436
f 791/1576/437 792/1575/437 790/1577/437 789/1578/437
f 789/1578/438 790/1577/438 786/1579/438 785/1580/438
f 787/1581/439 791/1576/439 789/1578/439 785/1582/439
f 792/1575/440 788/1583/440 786/1584/440 790/1577/440
o Wheel_Right
v 0.055000 0.032500 0.032500
v 0.063000 0.032500 0.032500
v 0.055000 0.031876 0.026160
v 0.063000 0.031876 0.026160
v 0.055000 0.030026 0.020063
v 0.063000 0.030026 0.020063
v 0.055000 0.027023 0.014444
v 0.063000 0.027023 0.014444
v 0.055000 0.022981 0.009519
v 0.063000 0.022981 0.009519
v 0.055000 0.018056 0.005477
v 0.063000 0.018056 0.005477
v 0.055000 0.012437 0.002474
v 0.063000 0.012437 0.002474
v 0.055000 0.006340 0.000624
v 0.063000 0.006340 0.000624
v 0.055000 0.000000 0.000000
v 0.063000 0.000000 0.000000
v 0.055000 -0.006340 0.000624
v 0.063000 -0.006340 0.000624
v 0.055000 -0.012437 0.002474
v 0.063000 -0.012437 0.002474
v 0.055000 -0.018056 0.005477
v 0.063000 -0.018056 0.005477
v 0.055000 -0.022981 0.009519
v 0.063000 -0.022981 0.009519
v 0.055000 -0.027023 0.014444
v 0.063000 -0.027023 0.014444
v 0.055000 -0.030026 0.020063
v 0.063000 -0.030026 0.020063
v 0.055000 -0.031876 0.026160
v 0.063000 -0.031876 0.026160
v 0.055000 -0.032500 0.032500
v 0.063000 -0.032500 0.032500
v 0.055000 -0.031876 0.038840
v 0.063000 -0.031876 0.038840
v 0.055000 -0.030026 0.044937
v 0.063000 -0.030026 0.044937
v 0.055000 -0.027023 0.050556
v 0.063000 -0.027023 0.050556
v 0.055000 -0.022981 0.055481
v 0.063000 -0.022981 0.055481
v 0.055000 -0.018056 0.059523
v 0.063000 -0.018056 0.059523
v 0.055000 -0.012437 0.062526
v 0.063000 -0.012437 0.062526
v 0.055000 -0.006340 0.064376
v 0.063000 -0.006340 0.064376
v 0.055000 0.000000 0.065000
v 0.063000 0.000000 0.065000
v 0.055000 0.006340 0.064376
v 0.063000 0.006340 0.064376
v 0.055000 0.012437 0.062526
v 0.063000 0.012437 0.062526
v 0.055000 0.018056 0.059523
v 0.063000 0.018056 0.059523
v 0.055000 0.022981 0.055481
v 0.063000 0.022981 0.055481
v 0.055000 0.027023 0.050556
v 0.063000 0.027023 0.050556
v 0.055000 0.030026 0.044937
v 0.063000 0.030026 0.044937
v 0.055000 0.031876 0.038840
v 0.063000 0.031876 0.038840
vn -0.0000 0.9952 -0.0980
vn -0.0000 0.9569 -0.2903
vn -0.0000 0.8819 -0.4714
vn -0.0000 0.7730 -0.6344
vn -0.0000 0.6344 -0.7730
vn -0.0000 0.4714 -0.8819
vn -0.0000 0.2903 -0.9569
vn -0.0000 0.0980 -0.9952
vn -0.0000 -0.0980 -0.9952
vn -0.0000 -0.2903 -0.9569
vn -0.0000 -0.4714 -0.8819
vn -0.0000 -0.6344 -0.7730
vn -0.0000 -0.7730 -0.6344
vn -0.0000 -0.8819 -0.4714
vn -0.0000 -0.9569 -0.2903
vn -0.0000 -0.9952 -0.0980
vn -0.0000 -0.9952 0.0980
vn -0.0000 -0.9569 0.2903
vn -0.0000 -0.8819 0.4714
vn -0.0000 -0.7730 0.6344
vn -0.0000 -0.6344 0.7730
vn -0.0000 -0.4714 0.8819
vn -0.0000 -0.2903 0.9569
vn -0.0000 -0.0980 0.9952
vn -0.0000 0.0980 0.9952
vn -0.0000 0.2903 0.9569
vn -0.0000 0.4714 0.8819
vn -0.0000 0.6344 0.7730
vn -0.0000 0.7730 0.6344
vn -0.0000 0.8819 0.4714
vn 1.0000 -0.0000 -0.0000
vn -0.0000 0.9569 0.2903
vn -0.0000 0.9952 0.0980
vn -1.0000 -0.0000 -0.0000
vt 1.000000 0.500000
vt 1.000000 1.000000
vt 0.968750 1.000000
vt 0.968750 0.500000
vt 0.937500 1.000000
vt 0.937500 0.500000
vt 0.906250 1.000000
vt 0.906250 0.500000
vt 0.875000 1.000000
vt 0.875000 0.500000
vt 0.843750 1.000000
vt 0.843750 0.500000
vt 0.812500 1.000000
vt 0.812500 0.500000
vt 0.781250 1.000000
vt 0.781250 0.500000
vt 0.750000 1.000000
vt 0.750000 0.500000
vt 0.718750 1.000000
vt 0.718750 0.500000
vt 0.687500 1.000000
vt 0.687500 0.500000
vt 0.656250 1.000000
vt 0.656250 0.500000
vt 0.625000 1.000000
vt 0.625000 0.500000
vt 0.593750 1.000000
vt 0.593750 0.500000
vt 0.562500 1.000000
vt 0.562500 0.500000
vt 0.531250 1.000000
vt 0.531250 0.500000
vt 0.500000 1.000000
vt 0.500000 0.500000
vt 0.468750 1.000000
vt 0.468750 0.500000
vt 0.437500 1.000000
vt 0.437500 0.500000
vt 0.406250 1.000000
vt 0.406250 0.500000
vt 0.375000 1.000000
vt 0.375000 0.500000
vt 0.343750 1.000000
vt 0.343750 0.500000
vt 0.312500 1.000000
vt 0.312500 0.500000
vt 0.281250 1.000000
vt 0.281250 0.500000
vt 0.250000 1.000000
vt 0.250000 0.500000
vt 0.218750 1.000000
vt 0.218750 0.500000
vt 0.187500 1.000000
vt 0.187500 0.500000
vt 0.156250 1.000000
vt 0.156250 0.500000
vt 0.125000 1.000000
vt 0.125000 0.500000
vt 0.093750 1.000000
vt 0.093750 0.500000
vt 0.062500 1.000000
vt 0.062500 0.500000
vt 0.296822 0.485388
vt 0.250000 0.490000
vt 0.203178 0.485388
vt 0.158156 0.471731
vt 0.116663 0.449553
vt 0.080294 0.419706
vt 0.050447 0.383337
vt 0.028269 0.341844
vt 0.014612 0.296822
vt 0.010000 0.250000
vt 0.014612 0.203178
vt 0.028269 0.158156
vt 0.050447 0.116663
vt 0.080294 0.080294
vt 0.116663 0.050447
vt 0.158156 0.028269
vt 0.203178 0.014612
vt 0.250000 0.010000
vt 0.296822 0.014612
vt 0.341844 0.028269
vt 0.383337 0.050447
vt 0.419706 0.080294
vt 0.449553 0.116663
vt 0.471731 0.158156
vt 0.485388 0.203178
vt 0.490000 0.250000
vt 0.485388 0.296822
vt 0.471731 0.341844
vt 0.449553 0.383337
vt 0.419706 0.419706
vt 0.383337 0.449553
vt 0.341844 0.471731
vt 0.031250 1.000000
vt 0.031250 0.500000
vt 0.000000 1.000000
vt 0.000000 0.500000
vt 0.750000 0.490000
vt 0.796822 0.485388
vt 0.841844 0.471731
vt 0.883337 0.449553
vt 0.919706 0.419706
vt 0.949553 0.383337
vt 0.971731 0.341844
vt 0.985388 0.296822
vt 0.990000 0.250000
vt 0.985388 0.203178
vt 0.971731 0.158156
vt 0.949553 0.116663
vt 0.919706 0.080294
vt 0.883337 0.050447
vt 0.841844 0.028269
vt 0.796822 0.014612
vt 0.750000 0.010000
vt 0.703178 0.014612
vt 0.658156 0.028269
vt 0.616663 0.050447
vt 0.580294 0.080294
vt 0.550447 0.116663
vt 0.528269 0.158156
vt 0.514612 0.203178
vt 0.510000 0.250000
vt 0.514612 0.296822
vt 0.528269 0.341844
vt 0.550447 0.383337
vt 0.580294 0.419706
vt 0.616663 0.449553
vt 0.658156 0.471731
vt 0.703178 0.485388
s 0
usemtl Wheel_Tire
f 793/1585/441 794/1586/441 796/1587/441 795/1588/441
f 795/1588/442 796/1587/442 798/1589/442 797/1590/442
f 797/1590/443 798/1589/443 800/1591/443 799/1592/443
f 799/1592/444 800/1591/444 802/1593/444 801/1594/444
f 801/1594/445 802/1593/445 804/1595/445 803/1596/445
f 803/1596/446 804/1595/446 806/1597/446 805/1598/446
f 805/1598/447 806/1597/447 808/1599/447 807/1600/447
f 807/1600/448 808/1599/448 810/1601/448 809/1602/448
f 809/1602/449 810/1601/449 812/1603/449 811/1604/449
f 811/1604/450 812/1603/450 814/1605/450 813/1606/450
f 813/1606/451 814/1605/451 816/1607/451 815/1608/451
f 815/1608/452 816/1607/452 818/1609/452 817/1610/452
f 817/1610/453 818/1609/453 820/1611/453 819/1612/453
f 819/1612/454 820/1611/454 822/1613/454 821/1614/454
f 821/1614/455 822/1613/455 824/1615/455 823/1616/455
f 823/1616/456 824/1615/456 826/1617/456 825/1618/456
f 825/1618/457 826/1617/457 828/1619/457 827/1620/457
f 827/1620/458 828/1619/458 830/1621/458 829/1622/458
f 829/1622/459 830/1621/459 832/1623/459 831/1624/459
f 831/1624/460 832/1623/460 834/1625/460 833/1626/460
f 833/1626/461 834/1625/461 836/1627/461 835/1628/461
f 835/1628/462 836/1627/462 838/1629/462 837/1630/462
f 837/1630/463 838/1629/463 840/1631/463 839/1632/463
f 839/1632/464 840/1631/464 842/1633/464 841/1634/464
f 841/1634/465 842/1633/465 844/1635/465 843/1636/465
f 843/1636/466 844/1635/466 846/1637/466 845/1638/466
f 845/1638/467 846/1637/467 848/1639/467 847/1640/467
f 847/1640/468 848/1639/468 850/1641/468 849/1642/468
f 849/1642/469 850/1641/469 852/1643/469 851/1644/469
f 851/1644/470 852/1643/470 854/1645/470 853/1646/470
f 796/1647/471 794/1648/471 856/1649/471 854/1650/471 852/1651/471 850/1652/471 848/1653/471 846/1654/471 844/1655/471 842/1656/471 840/1657/471 838/1658/471 836/1659/471 834/1660/471 832/1661/471 830/1662/471 828/1663/471 826/1664/471 824/1665/471 822/1666/471 820/1667/471 818/1668/471 816/1669/471 814/1670/471 812/1671/471 810/1672/471 808/1673/471 806/1674/471 804/1675/471 802/1676/471 800/1677/471 798/1678/471
f 853/1646/472 854/1645/472 856/1679/472 855/1680/472
f 855/1680/473 856/1679/473 794/1681/473 793/1682/473
f 793/1683/474 795/1684/474 797/1685/474 799/1686/474 801/1687/474 803/1688/474 805/1689/474 807/1690/474 809/1691/474 811/1692/474 813/1693/474 815/1694/474 817/1695/474 819/1696/474 821/1697/474 823/1698/474 825/1699/474 827/1700/474 829/1701/474 831/1702/474 833/1703/474 835/1704/474 837/1705/474 839/1706/474 841/1707/474 843/1708/474 845/1709/474 847/1710/474 849/1711/474 851/1712/474 853/1713/474 855/1714/474
